split	label	label_group	gate_type	confidence_threshold	margin_threshold	total_gold_count	predicted_label_count	emitted_count	correct_emitted_count	high_conf_precision	recall_on_gold	prediction_coverage	abstain_or_block_count	accepted_macro_f1	meets_target_precision
heldout	heading	runtime_eligible	per_label_confidence	0.50		1715	2057	1899	1464	0.7709	0.8536	0.9232	9224	0.1451	false
heldout	heading	runtime_eligible	per_label_confidence	0.55		1715	2057	1824	1434	0.7862	0.8362	0.8867	9299	0.1467	false
heldout	heading	runtime_eligible	per_label_confidence	0.60		1715	2057	1738	1396	0.8032	0.8140	0.8449	9385	0.1485	false
heldout	heading	runtime_eligible	per_label_confidence	0.65		1715	2057	1667	1367	0.8200	0.7971	0.8104	9456	0.1502	false
heldout	heading	runtime_eligible	per_label_confidence	0.70		1715	2057	1577	1327	0.8415	0.7738	0.7667	9546	0.1523	false
heldout	heading	runtime_eligible	per_label_confidence	0.75		1715	2057	1471	1274	0.8661	0.7429	0.7151	9652	0.1547	false
heldout	heading	runtime_eligible	per_label_confidence	0.80		1715	2057	1376	1217	0.8844	0.7096	0.6689	9747	0.1564	false
heldout	heading	runtime_eligible	per_label_confidence	0.85		1715	2057	1250	1135	0.9080	0.6618	0.6077	9873	0.1586	true
heldout	heading	runtime_eligible	per_label_confidence	0.90		1715	2057	1091	1029	0.9432	0.6000	0.5304	10032	0.1942	true
heldout	heading	runtime_eligible	per_label_confidence	0.95		1715	2057	839	814	0.9702	0.4746	0.4079	10284	0.1970	true
heldout	paragraph	runtime_eligible	per_label_confidence	0.50		4393	4319	4126	3555	0.8616	0.8092	0.9553	6997	0.1322	false
heldout	paragraph	runtime_eligible	per_label_confidence	0.55		4393	4319	3970	3470	0.8741	0.7899	0.9192	7153	0.1333	false
heldout	paragraph	runtime_eligible	per_label_confidence	0.60		4393	4319	3802	3376	0.8880	0.7685	0.8803	7321	0.1344	false
heldout	paragraph	runtime_eligible	per_label_confidence	0.65		4393	4319	3640	3273	0.8992	0.7450	0.8428	7483	0.1353	false
heldout	paragraph	runtime_eligible	per_label_confidence	0.70		4393	4319	3436	3130	0.9109	0.7125	0.7956	7687	0.1362	true
heldout	paragraph	runtime_eligible	per_label_confidence	0.75		4393	4319	3234	2974	0.9196	0.6770	0.7488	7889	0.1369	true
heldout	paragraph	runtime_eligible	per_label_confidence	0.80		4393	4319	2996	2792	0.9319	0.6356	0.6937	8127	0.1378	true
heldout	paragraph	runtime_eligible	per_label_confidence	0.85		4393	4319	2676	2524	0.9432	0.5746	0.6196	8447	0.1618	true
heldout	paragraph	runtime_eligible	per_label_confidence	0.90		4393	4319	2265	2164	0.9554	0.4926	0.5244	8858	0.1629	true
heldout	paragraph	runtime_eligible	per_label_confidence	0.95		4393	4319	1560	1517	0.9724	0.3453	0.3612	9563	0.1972	true
heldout	caption	runtime_eligible	per_label_confidence	0.50		286	309	269	170	0.6320	0.5944	0.8706	10854	0.1936	false
heldout	caption	runtime_eligible	per_label_confidence	0.55		286	309	250	166	0.6640	0.5804	0.8091	10873	0.1995	false
heldout	caption	runtime_eligible	per_label_confidence	0.60		286	309	234	162	0.6923	0.5664	0.7573	10889	0.2045	false
heldout	caption	runtime_eligible	per_label_confidence	0.65		286	309	222	158	0.7117	0.5524	0.7184	10901	0.2772	false
heldout	caption	runtime_eligible	per_label_confidence	0.70		286	309	211	154	0.7299	0.5385	0.6828	10912	0.2813	false
heldout	caption	runtime_eligible	per_label_confidence	0.75		286	309	187	144	0.7701	0.5035	0.6052	10936	0.2900	false
heldout	caption	runtime_eligible	per_label_confidence	0.80		286	309	167	133	0.7964	0.4650	0.5405	10956	0.2956	false
heldout	caption	runtime_eligible	per_label_confidence	0.85		286	309	152	126	0.8289	0.4406	0.4919	10971	0.3022	false
heldout	caption	runtime_eligible	per_label_confidence	0.90		286	309	122	106	0.8689	0.3706	0.3948	11001	0.3099	false
heldout	caption	runtime_eligible	per_label_confidence	0.95		286	309	95	86	0.9053	0.3007	0.3074	11028	0.3168	true
heldout	table_like	runtime_eligible	per_label_confidence	0.50		424	442	434	377	0.8687	0.8892	0.9819	10689	0.1859	false
heldout	table_like	runtime_eligible	per_label_confidence	0.55		424	442	428	376	0.8785	0.8868	0.9683	10695	0.1871	false
heldout	table_like	runtime_eligible	per_label_confidence	0.60		424	442	423	372	0.8794	0.8774	0.9570	10700	0.1872	false
heldout	table_like	runtime_eligible	per_label_confidence	0.65		424	442	415	367	0.8843	0.8656	0.9389	10708	0.1877	false
heldout	table_like	runtime_eligible	per_label_confidence	0.70		424	442	408	363	0.8897	0.8561	0.9231	10715	0.1883	false
heldout	table_like	runtime_eligible	per_label_confidence	0.75		424	442	394	355	0.9010	0.8373	0.8914	10729	0.1896	true
heldout	table_like	runtime_eligible	per_label_confidence	0.80		424	442	380	349	0.9184	0.8231	0.8597	10743	0.1915	true
heldout	table_like	runtime_eligible	per_label_confidence	0.85		424	442	369	343	0.9295	0.8090	0.8348	10754	0.1927	true
heldout	table_like	runtime_eligible	per_label_confidence	0.90		424	442	356	331	0.9298	0.7807	0.8054	10767	0.1927	true
heldout	table_like	runtime_eligible	per_label_confidence	0.95		424	442	340	319	0.9382	0.7524	0.7692	10783	0.2420	true
heldout	list_item	runtime_eligible	per_label_confidence	0.50		3378	3092	2901	2531	0.8725	0.7493	0.9382	8222	0.1553	false
heldout	list_item	runtime_eligible	per_label_confidence	0.55		3378	3092	2758	2445	0.8865	0.7238	0.8920	8365	0.1566	false
heldout	list_item	runtime_eligible	per_label_confidence	0.60		3378	3092	2613	2357	0.9020	0.6978	0.8451	8510	0.1581	true
heldout	list_item	runtime_eligible	per_label_confidence	0.65		3378	3092	2468	2251	0.9121	0.6664	0.7982	8655	0.1908	true
heldout	list_item	runtime_eligible	per_label_confidence	0.70		3378	3092	2325	2145	0.9226	0.6350	0.7519	8798	0.1919	true
heldout	list_item	runtime_eligible	per_label_confidence	0.75		3378	3092	2163	2018	0.9330	0.5974	0.6995	8960	0.1931	true
heldout	list_item	runtime_eligible	per_label_confidence	0.80		3378	3092	2013	1895	0.9414	0.5610	0.6510	9110	0.1940	true
heldout	list_item	runtime_eligible	per_label_confidence	0.85		3378	3092	1848	1748	0.9459	0.5175	0.5977	9275	0.1944	true
heldout	list_item	runtime_eligible	per_label_confidence	0.90		3378	3092	1626	1558	0.9582	0.4612	0.5259	9497	0.1957	true
heldout	list_item	runtime_eligible	per_label_confidence	0.95		3378	3092	1212	1183	0.9761	0.3502	0.3920	9911	0.1976	true
heldout	footer_header_noise	runtime_eligible	per_label_confidence	0.50		695	697	690	674	0.9768	0.9698	0.9900	10433	0.1977	true
heldout	footer_header_noise	runtime_eligible	per_label_confidence	0.55		695	697	687	673	0.9796	0.9683	0.9857	10436	0.1979	true
heldout	footer_header_noise	runtime_eligible	per_label_confidence	0.60		695	697	681	668	0.9809	0.9612	0.9770	10442	0.2476	true
heldout	footer_header_noise	runtime_eligible	per_label_confidence	0.65		695	697	672	661	0.9836	0.9511	0.9641	10451	0.2479	true
heldout	footer_header_noise	runtime_eligible	per_label_confidence	0.70		695	697	665	655	0.9850	0.9424	0.9541	10458	0.2481	true
heldout	footer_header_noise	runtime_eligible	per_label_confidence	0.75		695	697	653	645	0.9877	0.9281	0.9369	10470	0.2485	true
heldout	footer_header_noise	runtime_eligible	per_label_confidence	0.80		695	697	648	642	0.9907	0.9237	0.9297	10475	0.3318	true
heldout	footer_header_noise	runtime_eligible	per_label_confidence	0.85		695	697	639	634	0.9922	0.9122	0.9168	10484	0.3320	true
heldout	footer_header_noise	runtime_eligible	per_label_confidence	0.90		695	697	630	626	0.9937	0.9007	0.9039	10493	0.3323	true
heldout	footer_header_noise	runtime_eligible	per_label_confidence	0.95		695	697	606	603	0.9950	0.8676	0.8694	10517	0.3325	true
heldout	page_number_noise	runtime_eligible	per_label_confidence	0.50		0	0	0	0	0.0000	0.0000	0.0000	11123	0.0000	false
heldout	page_number_noise	runtime_eligible	per_label_confidence	0.55		0	0	0	0	0.0000	0.0000	0.0000	11123	0.0000	false
heldout	page_number_noise	runtime_eligible	per_label_confidence	0.60		0	0	0	0	0.0000	0.0000	0.0000	11123	0.0000	false
heldout	page_number_noise	runtime_eligible	per_label_confidence	0.65		0	0	0	0	0.0000	0.0000	0.0000	11123	0.0000	false
heldout	page_number_noise	runtime_eligible	per_label_confidence	0.70		0	0	0	0	0.0000	0.0000	0.0000	11123	0.0000	false
heldout	page_number_noise	runtime_eligible	per_label_confidence	0.75		0	0	0	0	0.0000	0.0000	0.0000	11123	0.0000	false
heldout	page_number_noise	runtime_eligible	per_label_confidence	0.80		0	0	0	0	0.0000	0.0000	0.0000	11123	0.0000	false
heldout	page_number_noise	runtime_eligible	per_label_confidence	0.85		0	0	0	0	0.0000	0.0000	0.0000	11123	0.0000	false
heldout	page_number_noise	runtime_eligible	per_label_confidence	0.90		0	0	0	0	0.0000	0.0000	0.0000	11123	0.0000	false
heldout	page_number_noise	runtime_eligible	per_label_confidence	0.95		0	0	0	0	0.0000	0.0000	0.0000	11123	0.0000	false
heldout	keep_as_text	runtime_eligible	per_label_confidence	0.50		232	207	203	169	0.8325	0.7284	0.9807	10920	0.2272	false
heldout	keep_as_text	runtime_eligible	per_label_confidence	0.55		232	207	197	165	0.8376	0.7112	0.9517	10926	0.2279	false
heldout	keep_as_text	runtime_eligible	per_label_confidence	0.60		232	207	188	160	0.8511	0.6897	0.9082	10935	0.2299	false
heldout	keep_as_text	runtime_eligible	per_label_confidence	0.65		232	207	178	154	0.8652	0.6638	0.8599	10945	0.2319	false
heldout	keep_as_text	runtime_eligible	per_label_confidence	0.70		232	207	171	151	0.8830	0.6509	0.8261	10952	0.2345	false
heldout	keep_as_text	runtime_eligible	per_label_confidence	0.75		232	207	161	147	0.9130	0.6336	0.7778	10962	0.3182	true
heldout	keep_as_text	runtime_eligible	per_label_confidence	0.80		232	207	156	144	0.9231	0.6207	0.7536	10967	0.3200	true
heldout	keep_as_text	runtime_eligible	per_label_confidence	0.85		232	207	148	139	0.9392	0.5991	0.7150	10975	0.3229	true
heldout	keep_as_text	runtime_eligible	per_label_confidence	0.90		232	207	140	132	0.9429	0.5690	0.6763	10983	0.3235	true
heldout	keep_as_text	runtime_eligible	per_label_confidence	0.95		232	207	119	117	0.9832	0.5043	0.5749	11004	0.4958	true
heldout	uncertain	runtime_eligible	per_label_confidence	0.50		0	0	0	0	0.0000	0.0000	0.0000	11123	0.0000	false
heldout	uncertain	runtime_eligible	per_label_confidence	0.55		0	0	0	0	0.0000	0.0000	0.0000	11123	0.0000	false
heldout	uncertain	runtime_eligible	per_label_confidence	0.60		0	0	0	0	0.0000	0.0000	0.0000	11123	0.0000	false
heldout	uncertain	runtime_eligible	per_label_confidence	0.65		0	0	0	0	0.0000	0.0000	0.0000	11123	0.0000	false
heldout	uncertain	runtime_eligible	per_label_confidence	0.70		0	0	0	0	0.0000	0.0000	0.0000	11123	0.0000	false
heldout	uncertain	runtime_eligible	per_label_confidence	0.75		0	0	0	0	0.0000	0.0000	0.0000	11123	0.0000	false
heldout	uncertain	runtime_eligible	per_label_confidence	0.80		0	0	0	0	0.0000	0.0000	0.0000	11123	0.0000	false
heldout	uncertain	runtime_eligible	per_label_confidence	0.85		0	0	0	0	0.0000	0.0000	0.0000	11123	0.0000	false
heldout	uncertain	runtime_eligible	per_label_confidence	0.90		0	0	0	0	0.0000	0.0000	0.0000	11123	0.0000	false
heldout	uncertain	runtime_eligible	per_label_confidence	0.95		0	0	0	0	0.0000	0.0000	0.0000	11123	0.0000	false
heldout	form_row	report_only	per_label_confidence	0.50		0	0	0	0	0.0000	0.0000	0.0000	11123	0.0000	false
heldout	form_row	report_only	per_label_confidence	0.55		0	0	0	0	0.0000	0.0000	0.0000	11123	0.0000	false
heldout	form_row	report_only	per_label_confidence	0.60		0	0	0	0	0.0000	0.0000	0.0000	11123	0.0000	false
heldout	form_row	report_only	per_label_confidence	0.65		0	0	0	0	0.0000	0.0000	0.0000	11123	0.0000	false
heldout	form_row	report_only	per_label_confidence	0.70		0	0	0	0	0.0000	0.0000	0.0000	11123	0.0000	false
heldout	form_row	report_only	per_label_confidence	0.75		0	0	0	0	0.0000	0.0000	0.0000	11123	0.0000	false
heldout	form_row	report_only	per_label_confidence	0.80		0	0	0	0	0.0000	0.0000	0.0000	11123	0.0000	false
heldout	form_row	report_only	per_label_confidence	0.85		0	0	0	0	0.0000	0.0000	0.0000	11123	0.0000	false
heldout	form_row	report_only	per_label_confidence	0.90		0	0	0	0	0.0000	0.0000	0.0000	11123	0.0000	false
heldout	form_row	report_only	per_label_confidence	0.95		0	0	0	0	0.0000	0.0000	0.0000	11123	0.0000	false
heldout	link_text	report_only	per_label_confidence	0.50		0	0	0	0	0.0000	0.0000	0.0000	11123	0.0000	false
heldout	link_text	report_only	per_label_confidence	0.55		0	0	0	0	0.0000	0.0000	0.0000	11123	0.0000	false
heldout	link_text	report_only	per_label_confidence	0.60		0	0	0	0	0.0000	0.0000	0.0000	11123	0.0000	false
heldout	link_text	report_only	per_label_confidence	0.65		0	0	0	0	0.0000	0.0000	0.0000	11123	0.0000	false
heldout	link_text	report_only	per_label_confidence	0.70		0	0	0	0	0.0000	0.0000	0.0000	11123	0.0000	false
heldout	link_text	report_only	per_label_confidence	0.75		0	0	0	0	0.0000	0.0000	0.0000	11123	0.0000	false
heldout	link_text	report_only	per_label_confidence	0.80		0	0	0	0	0.0000	0.0000	0.0000	11123	0.0000	false
heldout	link_text	report_only	per_label_confidence	0.85		0	0	0	0	0.0000	0.0000	0.0000	11123	0.0000	false
heldout	link_text	report_only	per_label_confidence	0.90		0	0	0	0	0.0000	0.0000	0.0000	11123	0.0000	false
heldout	link_text	report_only	per_label_confidence	0.95		0	0	0	0	0.0000	0.0000	0.0000	11123	0.0000	false
heldout	code_like	report_only	per_label_confidence	0.50		0	0	0	0	0.0000	0.0000	0.0000	11123	0.0000	false
heldout	code_like	report_only	per_label_confidence	0.55		0	0	0	0	0.0000	0.0000	0.0000	11123	0.0000	false
heldout	code_like	report_only	per_label_confidence	0.60		0	0	0	0	0.0000	0.0000	0.0000	11123	0.0000	false
heldout	code_like	report_only	per_label_confidence	0.65		0	0	0	0	0.0000	0.0000	0.0000	11123	0.0000	false
heldout	code_like	report_only	per_label_confidence	0.70		0	0	0	0	0.0000	0.0000	0.0000	11123	0.0000	false
heldout	code_like	report_only	per_label_confidence	0.75		0	0	0	0	0.0000	0.0000	0.0000	11123	0.0000	false
heldout	code_like	report_only	per_label_confidence	0.80		0	0	0	0	0.0000	0.0000	0.0000	11123	0.0000	false
heldout	code_like	report_only	per_label_confidence	0.85		0	0	0	0	0.0000	0.0000	0.0000	11123	0.0000	false
heldout	code_like	report_only	per_label_confidence	0.90		0	0	0	0	0.0000	0.0000	0.0000	11123	0.0000	false
heldout	code_like	report_only	per_label_confidence	0.95		0	0	0	0	0.0000	0.0000	0.0000	11123	0.0000	false
heldout	separator	report_only	per_label_confidence	0.50		0	0	0	0	0.0000	0.0000	0.0000	11123	0.0000	false
heldout	separator	report_only	per_label_confidence	0.55		0	0	0	0	0.0000	0.0000	0.0000	11123	0.0000	false
heldout	separator	report_only	per_label_confidence	0.60		0	0	0	0	0.0000	0.0000	0.0000	11123	0.0000	false
heldout	separator	report_only	per_label_confidence	0.65		0	0	0	0	0.0000	0.0000	0.0000	11123	0.0000	false
heldout	separator	report_only	per_label_confidence	0.70		0	0	0	0	0.0000	0.0000	0.0000	11123	0.0000	false
heldout	separator	report_only	per_label_confidence	0.75		0	0	0	0	0.0000	0.0000	0.0000	11123	0.0000	false
heldout	separator	report_only	per_label_confidence	0.80		0	0	0	0	0.0000	0.0000	0.0000	11123	0.0000	false
heldout	separator	report_only	per_label_confidence	0.85		0	0	0	0	0.0000	0.0000	0.0000	11123	0.0000	false
heldout	separator	report_only	per_label_confidence	0.90		0	0	0	0	0.0000	0.0000	0.0000	11123	0.0000	false
heldout	separator	report_only	per_label_confidence	0.95		0	0	0	0	0.0000	0.0000	0.0000	11123	0.0000	false
heldout	footnote_like	report_only	per_label_confidence	0.50		0	0	0	0	0.0000	0.0000	0.0000	11123	0.0000	false
heldout	footnote_like	report_only	per_label_confidence	0.55		0	0	0	0	0.0000	0.0000	0.0000	11123	0.0000	false
heldout	footnote_like	report_only	per_label_confidence	0.60		0	0	0	0	0.0000	0.0000	0.0000	11123	0.0000	false
heldout	footnote_like	report_only	per_label_confidence	0.65		0	0	0	0	0.0000	0.0000	0.0000	11123	0.0000	false
heldout	footnote_like	report_only	per_label_confidence	0.70		0	0	0	0	0.0000	0.0000	0.0000	11123	0.0000	false
heldout	footnote_like	report_only	per_label_confidence	0.75		0	0	0	0	0.0000	0.0000	0.0000	11123	0.0000	false
heldout	footnote_like	report_only	per_label_confidence	0.80		0	0	0	0	0.0000	0.0000	0.0000	11123	0.0000	false
heldout	footnote_like	report_only	per_label_confidence	0.85		0	0	0	0	0.0000	0.0000	0.0000	11123	0.0000	false
heldout	footnote_like	report_only	per_label_confidence	0.90		0	0	0	0	0.0000	0.0000	0.0000	11123	0.0000	false
heldout	footnote_like	report_only	per_label_confidence	0.95		0	0	0	0	0.0000	0.0000	0.0000	11123	0.0000	false
