id	format	lane	input_path	expected_path	notes
asciidoc_markdown_asciidoc_admonition_and_table	asciidoc	markdown	asciidoc/markdown/asciidoc_admonition_and_table.adoc	asciidoc/expected/markdown/asciidoc_admonition_and_table.md	
asciidoc_markdown_asciidoc_basic	asciidoc	markdown	asciidoc/markdown/asciidoc_basic.adoc	asciidoc/expected/markdown/asciidoc_basic.md	
asciidoc_markdown_asciidoc_block_admonition_include	asciidoc	markdown	asciidoc/markdown/asciidoc_block_admonition_include.adoc	asciidoc/expected/markdown/asciidoc_block_admonition_include.md	
asciidoc_markdown_asciidoc_structured_inventory	asciidoc	markdown	asciidoc/markdown/asciidoc_structured_inventory.adoc	asciidoc/expected/markdown/asciidoc_structured_inventory.md	
asciidoc_rag_asciidoc_admonition_and_table	asciidoc	rag	asciidoc/rag/asciidoc_admonition_and_table.adoc	asciidoc/expected/rag/asciidoc_admonition_and_table.rag.json	
asciidoc_rag_asciidoc_basic	asciidoc	rag	asciidoc/rag/asciidoc_basic.adoc	asciidoc/expected/rag/asciidoc_basic.rag.json	
asciidoc_rag_asciidoc_block_admonition_include	asciidoc	rag	asciidoc/rag/asciidoc_block_admonition_include.adoc	asciidoc/expected/rag/asciidoc_block_admonition_include.rag.json	
asciidoc_rag_asciidoc_structured_inventory	asciidoc	rag	asciidoc/rag/asciidoc_structured_inventory.adoc	asciidoc/expected/rag/asciidoc_structured_inventory.rag.json	
csv_markdown_csv_basic	csv	markdown	csv/markdown/csv_basic.csv	csv/expected/markdown/csv_basic.md	
csv_markdown_csv_bom_utf8	csv	markdown	csv/markdown/csv_bom_utf8.csv	csv/expected/markdown/csv_bom_utf8.md	
csv_markdown_csv_crlf	csv	markdown	csv/markdown/csv_crlf.csv	csv/expected/markdown/csv_crlf.md	
csv_markdown_csv_empty	csv	markdown	csv/markdown/csv_empty.csv	csv/expected/markdown/csv_empty.md	
csv_markdown_csv_empty_cells	csv	markdown	csv/markdown/csv_empty_cells.csv	csv/expected/markdown/csv_empty_cells.md	
csv_markdown_csv_escaped_quote	csv	markdown	csv/markdown/csv_escaped_quote.csv	csv/expected/markdown/csv_escaped_quote.md	
csv_markdown_csv_header	csv	markdown	csv/markdown/csv_header.csv	csv/expected/markdown/csv_header.md	
csv_markdown_csv_markdown_pipes	csv	markdown	csv/markdown/csv_markdown_pipes.csv	csv/expected/markdown/csv_markdown_pipes.md	
csv_markdown_csv_quoted_comma	csv	markdown	csv/markdown/csv_quoted_comma.csv	csv/expected/markdown/csv_quoted_comma.md	
csv_markdown_csv_quoted_newline	csv	markdown	csv/markdown/csv_quoted_newline.csv	csv/expected/markdown/csv_quoted_newline.md	
csv_markdown_csv_ragged_rows	csv	markdown	csv/markdown/csv_ragged_rows.csv	csv/expected/markdown/csv_ragged_rows.md	
csv_rag_csv_metadata_basic	csv	rag	csv/rag/csv_metadata_basic.csv	csv/expected/rag/csv_metadata_basic.rag.json	
csv_rag_csv_metadata_ragged_rows	csv	rag	csv/rag/csv_metadata_ragged_rows.csv	csv/expected/rag/csv_metadata_ragged_rows.rag.json	
docx_markdown_docx_blockquote_basic	docx	markdown	docx/markdown/docx_blockquote_basic.docx	docx/expected/markdown/docx_blockquote_basic.md	
docx_markdown_docx_codeblock_basic	docx	markdown	docx/markdown/docx_codeblock_basic.docx	docx/expected/markdown/docx_codeblock_basic.md	
docx_markdown_docx_comment_basic	docx	markdown	docx/markdown/docx_comment_basic.docx	docx/expected/markdown/docx_comment_basic.md	
docx_markdown_docx_endnote_basic	docx	markdown	docx/markdown/docx_endnote_basic.docx	docx/expected/markdown/docx_endnote_basic.md	
docx_markdown_docx_footer_basic	docx	markdown	docx/markdown/docx_footer_basic.docx	docx/expected/markdown/docx_footer_basic.md	
docx_markdown_docx_footnote_basic	docx	markdown	docx/markdown/docx_footnote_basic.docx	docx/expected/markdown/docx_footnote_basic.md	
docx_markdown_docx_footnotes_endnotes_comments	docx	markdown	docx/markdown/docx_footnotes_endnotes_comments.docx	docx/expected/markdown/docx_footnotes_endnotes_comments.md	
docx_markdown_docx_header_basic	docx	markdown	docx/markdown/docx_header_basic.docx	docx/expected/markdown/docx_header_basic.md	
docx_markdown_docx_header_footer_dedup	docx	markdown	docx/markdown/docx_header_footer_dedup.docx	docx/expected/markdown/docx_header_footer_dedup.md	
docx_markdown_docx_heading_levels	docx	markdown	docx/markdown/docx_heading_levels.docx	docx/expected/markdown/docx_heading_levels.md	
docx_markdown_docx_hyperlink_basic	docx	markdown	docx/markdown/docx_hyperlink_basic.docx	docx/expected/markdown/docx_hyperlink_basic.md	
docx_markdown_docx_hyperlink_missing_rel_negative	docx	markdown	docx/markdown/docx_hyperlink_missing_rel_negative.docx	docx/expected/markdown/docx_hyperlink_missing_rel_negative.md	
docx_markdown_docx_hyperlink_spacing	docx	markdown	docx/markdown/docx_hyperlink_spacing.docx	docx/expected/markdown/docx_hyperlink_spacing.md	
docx_markdown_docx_image_in_table	docx	markdown	docx/markdown/docx_image_in_table.docx	docx/expected/markdown/docx_image_in_table.md	
docx_markdown_docx_internal_anchor_boundary	docx	markdown	docx/markdown/docx_internal_anchor_boundary.docx	docx/expected/markdown/docx_internal_anchor_boundary.md	
docx_markdown_docx_link_basic	docx	markdown	docx/markdown/docx_link_basic.docx	docx/expected/markdown/docx_link_basic.md	
docx_markdown_docx_link_in_paragraph	docx	markdown	docx/markdown/docx_link_in_paragraph.docx	docx/expected/markdown/docx_link_in_paragraph.md	
docx_markdown_docx_link_many_performance_guard	docx	markdown	docx/markdown/docx_link_many_performance_guard.docx	docx/expected/markdown/docx_link_many_performance_guard.md	
docx_markdown_docx_link_missing_rel_negative	docx	markdown	docx/markdown/docx_link_missing_rel_negative.docx	docx/expected/markdown/docx_link_missing_rel_negative.md	
docx_markdown_docx_link_multiple_runs	docx	markdown	docx/markdown/docx_link_multiple_runs.docx	docx/expected/markdown/docx_link_multiple_runs.md	
docx_markdown_docx_list_basic	docx	markdown	docx/markdown/docx_list_basic.docx	docx/expected/markdown/docx_list_basic.md	
docx_markdown_docx_list_links_linebreaks	docx	markdown	docx/markdown/docx_list_links_linebreaks.docx	docx/expected/markdown/docx_list_links_linebreaks.md	
docx_markdown_docx_list_mixed	docx	markdown	docx/markdown/docx_list_mixed.docx	docx/expected/markdown/docx_list_mixed.md	
docx_markdown_docx_list_nested	docx	markdown	docx/markdown/docx_list_nested.docx	docx/expected/markdown/docx_list_nested.md	
docx_markdown_docx_list_ordered	docx	markdown	docx/markdown/docx_list_ordered.docx	docx/expected/markdown/docx_list_ordered.md	
docx_markdown_docx_multiple_notes_order	docx	markdown	docx/markdown/docx_multiple_notes_order.docx	docx/expected/markdown/docx_multiple_notes_order.md	
docx_markdown_docx_multirun_hyperlink	docx	markdown	docx/markdown/docx_multirun_hyperlink.docx	docx/expected/markdown/docx_multirun_hyperlink.md	
docx_markdown_docx_nested_lists_mixed	docx	markdown	docx/markdown/docx_nested_lists_mixed.docx	docx/expected/markdown/docx_nested_lists_mixed.md	
docx_markdown_docx_not_code_multiline	docx	markdown	docx/markdown/docx_not_code_multiline.docx	docx/expected/markdown/docx_not_code_multiline.md	
docx_markdown_docx_not_code_steps	docx	markdown	docx/markdown/docx_not_code_steps.docx	docx/expected/markdown/docx_not_code_steps.md	
docx_markdown_docx_note_comment_rich_content_boundary	docx	markdown	docx/markdown/docx_note_comment_rich_content_boundary.docx	docx/expected/markdown/docx_note_comment_rich_content_boundary.md	
docx_markdown_docx_page_number_footer_current_policy	docx	markdown	docx/markdown/docx_page_number_footer_current_policy.docx	docx/expected/markdown/docx_page_number_footer_current_policy.md	
docx_markdown_docx_paragraph_linebreak	docx	markdown	docx/markdown/docx_paragraph_linebreak.docx	docx/expected/markdown/docx_paragraph_linebreak.md	
docx_markdown_docx_paragraph_tab	docx	markdown	docx/markdown/docx_paragraph_tab.docx	docx/expected/markdown/docx_paragraph_tab.md	
docx_markdown_docx_style_linked_headings	docx	markdown	docx/markdown/docx_style_linked_headings.docx	docx/expected/markdown/docx_style_linked_headings.md	
docx_markdown_docx_table_links_lists	docx	markdown	docx/markdown/docx_table_links_lists.docx	docx/expected/markdown/docx_table_links_lists.md	
docx_markdown_docx_table_merged_cells_boundary	docx	markdown	docx/markdown/docx_table_merged_cells_boundary.docx	docx/expected/markdown/docx_table_merged_cells_boundary.md	
docx_markdown_docx_table_multiline_cell	docx	markdown	docx/markdown/docx_table_multiline_cell.docx	docx/expected/markdown/docx_table_multiline_cell.md	
docx_markdown_docx_table_multiline_complex	docx	markdown	docx/markdown/docx_table_multiline_complex.docx	docx/expected/markdown/docx_table_multiline_complex.md	
docx_markdown_docx_textbox_basic	docx	markdown	docx/markdown/docx_textbox_basic.docx	docx/expected/markdown/docx_textbox_basic.md	
docx_markdown_docx_textbox_body_and_table	docx	markdown	docx/markdown/docx_textbox_body_and_table.docx	docx/expected/markdown/docx_textbox_body_and_table.md	
docx_markdown_docx_textbox_empty_current_policy	docx	markdown	docx/markdown/docx_textbox_empty_current_policy.docx	docx/expected/markdown/docx_textbox_empty_current_policy.md	
docx_markdown_docx_textbox_in_table	docx	markdown	docx/markdown/docx_textbox_in_table.docx	docx/expected/markdown/docx_textbox_in_table.md	
docx_markdown_docx_textbox_multiline	docx	markdown	docx/markdown/docx_textbox_multiline.docx	docx/expected/markdown/docx_textbox_multiline.md	
docx_markdown_docx_textbox_with_link	docx	markdown	docx/markdown/docx_textbox_with_link.docx	docx/expected/markdown/docx_textbox_with_link.md	
docx_rag_docx_header_footer_metadata	docx	rag	docx/rag/docx_header_footer_metadata.docx	docx/expected/rag/docx_header_footer_metadata.rag.json	
docx_rag_docx_image_alt_title_basic	docx	rag	docx/rag/docx_image_alt_title_basic.docx	docx/expected/rag/docx_image_alt_title_basic.rag.json	
docx_rag_docx_image_no_alt_negative	docx	rag	docx/rag/docx_image_no_alt_negative.docx	docx/expected/rag/docx_image_no_alt_negative.rag.json	
docx_rag_docx_metadata_docprops_rich	docx	rag	docx/rag/docx_metadata_docprops_rich.docx	docx/expected/rag/docx_metadata_docprops_rich.rag.json	
docx_rag_docx_metadata_links_images	docx	rag	docx/rag/docx_metadata_links_images.docx	docx/expected/rag/docx_metadata_links_images.rag.json	
docx_rag_docx_metadata_notes_comments	docx	rag	docx/rag/docx_metadata_notes_comments.docx	docx/expected/rag/docx_metadata_notes_comments.rag.json	
docx_rag_docx_metadata_table_complex	docx	rag	docx/rag/docx_metadata_table_complex.docx	docx/expected/rag/docx_metadata_table_complex.rag.json	
docx_rag_docx_metadata_textbox_header_footer	docx	rag	docx/rag/docx_metadata_textbox_header_footer.docx	docx/expected/rag/docx_metadata_textbox_header_footer.rag.json	
docx_rag_docx_notes_metadata	docx	rag	docx/rag/docx_notes_metadata.docx	docx/expected/rag/docx_notes_metadata.rag.json	
docx_rag_docx_textbox_metadata	docx	rag	docx/rag/docx_textbox_metadata.docx	docx/expected/rag/docx_textbox_metadata.rag.json	
docx_assets_docx_image_alt_title	docx	assets	docx/assets/docx_image_alt_title.docx	docx/expected/assets/docx_image_alt_title	
docx_assets_docx_image_alt_title_basic	docx	assets	docx/assets/docx_image_alt_title_basic.docx	docx/expected/assets/docx_image_alt_title_basic	
docx_assets_docx_image_caption_like_boundary	docx	assets	docx/assets/docx_image_caption_like_boundary.docx	docx/expected/assets/docx_image_caption_like_boundary	
docx_assets_docx_image_no_alt_negative	docx	assets	docx/assets/docx_image_no_alt_negative.docx	docx/expected/assets/docx_image_no_alt_negative	
docx_assets_golden	docx	assets	docx/assets/golden.docx	docx/expected/assets/golden	
eml_markdown_eml_malformed_fallback	eml	markdown	eml/markdown/eml_malformed_fallback.eml	eml/expected/markdown/eml_malformed_fallback.md	
eml_markdown_eml_plain_multipart	eml	markdown	eml/markdown/eml_plain_multipart.eml	eml/expected/markdown/eml_plain_multipart.md	
eml_rag_eml_plain_multipart	eml	rag	eml/rag/eml_plain_multipart.eml	eml/expected/rag/eml_plain_multipart.rag.json	
eml_assets_eml_inline_image	eml	assets	eml/assets/eml_inline_image.eml	eml/expected/assets/eml_inline_image	
epub_markdown_epub_basic_package	epub	markdown	epub/markdown/epub_basic_package.epub	epub/expected/markdown/epub_basic_package.md	
epub_markdown_epub_chapter_html_structures	epub	markdown	epub/markdown/epub_chapter_html_structures.epub	epub/expected/markdown/epub_chapter_html_structures.md	
epub_markdown_epub_internal_anchor_links	epub	markdown	epub/markdown/epub_internal_anchor_links.epub	epub/expected/markdown/epub_internal_anchor_links.md	
epub_markdown_epub_linear_no_current_behavior	epub	markdown	epub/markdown/epub_linear_no_current_behavior.epub	epub/expected/markdown/epub_linear_no_current_behavior.md	
epub_markdown_epub_metadata_rich	epub	markdown	epub/markdown/epub_metadata_rich.epub	epub/expected/markdown/epub_metadata_rich.md	
epub_markdown_epub_multi_chapter_spine_order	epub	markdown	epub/markdown/epub_multi_chapter_spine_order.epub	epub/expected/markdown/epub_multi_chapter_spine_order.md	
epub_markdown_epub_nav_toc	epub	markdown	epub/markdown/epub_nav_toc.epub	epub/expected/markdown/epub_nav_toc.md	
epub_markdown_epub_nav_toc_basic	epub	markdown	epub/markdown/epub_nav_toc_basic.epub	epub/expected/markdown/epub_nav_toc_basic.md	
epub_markdown_epub_ncx_toc_basic	epub	markdown	epub/markdown/epub_ncx_toc_basic.epub	epub/expected/markdown/epub_ncx_toc_basic.md	
epub_markdown_epub_remote_data_image_boundary	epub	markdown	epub/markdown/epub_remote_data_image_boundary.epub	epub/expected/markdown/epub_remote_data_image_boundary.md	
epub_markdown_epub_spine_missing_item_boundary	epub	markdown	epub/markdown/epub_spine_missing_item_boundary.epub	epub/expected/markdown/epub_spine_missing_item_boundary.md	
epub_markdown_epub_spine_order	epub	markdown	epub/markdown/epub_spine_order.epub	epub/expected/markdown/epub_spine_order.md	
epub_markdown_epub_spine_unsupported_item_boundary	epub	markdown	epub/markdown/epub_spine_unsupported_item_boundary.epub	epub/expected/markdown/epub_spine_unsupported_item_boundary.md	
epub_markdown_epub_unsupported_spine_warning	epub	markdown	epub/markdown/epub_unsupported_spine_warning.epub	epub/expected/markdown/epub_unsupported_spine_warning.md	
epub_rag_epub_metadata_assets	epub	rag	epub/rag/epub_metadata_assets.epub	epub/expected/rag/epub_metadata_assets.rag.json	
epub_rag_epub_metadata_assets_cover	epub	rag	epub/rag/epub_metadata_assets_cover.epub	epub/expected/rag/epub_metadata_assets_cover.rag.json	
epub_rag_epub_metadata_basic	epub	rag	epub/rag/epub_metadata_basic.epub	epub/expected/rag/epub_metadata_basic.rag.json	
epub_rag_epub_metadata_cover	epub	rag	epub/rag/epub_metadata_cover.epub	epub/expected/rag/epub_metadata_cover.rag.json	
epub_rag_epub_metadata_duplicate_asset_names	epub	rag	epub/rag/epub_metadata_duplicate_asset_names.epub	epub/expected/rag/epub_metadata_duplicate_asset_names.rag.json	
epub_rag_epub_metadata_nav_toc	epub	rag	epub/rag/epub_metadata_nav_toc.epub	epub/expected/rag/epub_metadata_nav_toc.rag.json	
epub_rag_epub_metadata_package_rich	epub	rag	epub/rag/epub_metadata_package_rich.epub	epub/expected/rag/epub_metadata_package_rich.rag.json	
epub_rag_epub_metadata_spine_order	epub	rag	epub/rag/epub_metadata_spine_order.epub	epub/expected/rag/epub_metadata_spine_order.rag.json	
epub_rag_epub_metadata_spine_origins	epub	rag	epub/rag/epub_metadata_spine_origins.epub	epub/expected/rag/epub_metadata_spine_origins.rag.json	
epub_rag_epub_metadata_warning_block	epub	rag	epub/rag/epub_metadata_warning_block.epub	epub/expected/rag/epub_metadata_warning_block.rag.json	
epub_rag_epub_metadata_warning_item	epub	rag	epub/rag/epub_metadata_warning_item.epub	epub/expected/rag/epub_metadata_warning_item.rag.json	
epub_assets_epub_basic_spine	epub	assets	epub/assets/epub_basic_spine.epub	epub/expected/assets/epub_basic_spine	
epub_assets_epub_cover_image	epub	assets	epub/assets/epub_cover_image.epub	epub/expected/assets/epub_cover_image	
epub_assets_epub_duplicate_asset_names	epub	assets	epub/assets/epub_duplicate_asset_names.epub	epub/expected/assets/epub_duplicate_asset_names	
epub_assets_epub_guide_cover_image	epub	assets	epub/assets/epub_guide_cover_image.epub	epub/expected/assets/epub_guide_cover_image	
epub_assets_epub_local_image_basic	epub	assets	epub/assets/epub_local_image_basic.epub	epub/expected/assets/epub_local_image_basic	
html_markdown_html_block_boundary_paragraph_list	html	markdown	html/markdown/html_block_boundary_paragraph_list.html	html/expected/markdown/html_block_boundary_paragraph_list.md	
html_markdown_html_block_boundary_pre	html	markdown	html/markdown/html_block_boundary_pre.html	html/expected/markdown/html_block_boundary_pre.md	
html_markdown_html_block_boundary_quote	html	markdown	html/markdown/html_block_boundary_quote.html	html/expected/markdown/html_block_boundary_quote.md	
html_markdown_html_block_boundary_table	html	markdown	html/markdown/html_block_boundary_table.html	html/expected/markdown/html_block_boundary_table.md	
html_markdown_html_blockquote_br_inside_paragraph	html	markdown	html/markdown/html_blockquote_br_inside_paragraph.html	html/expected/markdown/html_blockquote_br_inside_paragraph.md	
html_markdown_html_blockquote_link_basic	html	markdown	html/markdown/html_blockquote_link_basic.html	html/expected/markdown/html_blockquote_link_basic.md	
html_markdown_html_blockquote_list_basic	html	markdown	html/markdown/html_blockquote_list_basic.html	html/expected/markdown/html_blockquote_list_basic.md	
html_markdown_html_blockquote_mixed_tail	html	markdown	html/markdown/html_blockquote_mixed_tail.html	html/expected/markdown/html_blockquote_mixed_tail.md	
html_markdown_html_blockquote_mixed_text_and_paragraph	html	markdown	html/markdown/html_blockquote_mixed_text_and_paragraph.html	html/expected/markdown/html_blockquote_mixed_text_and_paragraph.md	
html_markdown_html_blockquote_multi_paragraph	html	markdown	html/markdown/html_blockquote_multi_paragraph.html	html/expected/markdown/html_blockquote_multi_paragraph.md	
html_markdown_html_blockquote_nested_blockquote	html	markdown	html/markdown/html_blockquote_nested_blockquote.html	html/expected/markdown/html_blockquote_nested_blockquote.md	
html_markdown_html_bom_utf8	html	markdown	html/markdown/html_bom_utf8.html	html/expected/markdown/html_bom_utf8.md	
html_markdown_html_br_blockquote	html	markdown	html/markdown/html_br_blockquote.html	html/expected/markdown/html_br_blockquote.md	
html_markdown_html_br_double	html	markdown	html/markdown/html_br_double.html	html/expected/markdown/html_br_double.md	
html_markdown_html_br_table	html	markdown	html/markdown/html_br_table.html	html/expected/markdown/html_br_table.md	
html_markdown_html_br_variants	html	markdown	html/markdown/html_br_variants.html	html/expected/markdown/html_br_variants.md	
html_markdown_html_comments_doctype	html	markdown	html/markdown/html_comments_doctype.html	html/expected/markdown/html_comments_doctype.md	
html_markdown_html_crlf	html	markdown	html/markdown/html_crlf.html	html/expected/markdown/html_crlf.md	
html_markdown_html_details_summary	html	markdown	html/markdown/html_details_summary.html	html/expected/markdown/html_details_summary.md	
html_markdown_html_entities	html	markdown	html/markdown/html_entities.html	html/expected/markdown/html_entities.md	
html_markdown_html_image_remote_data_uri_boundary	html	markdown	html/markdown/html_image_remote_data_uri_boundary.html	html/expected/markdown/html_image_remote_data_uri_boundary.md	
html_markdown_html_image_unsafe_path_boundary	html	markdown	html/markdown/html_image_unsafe_path_boundary.html	html/expected/markdown/html_image_unsafe_path_boundary.md	
html_markdown_html_inline_boundary_paragraph	html	markdown	html/markdown/html_inline_boundary_paragraph.html	html/expected/markdown/html_inline_boundary_paragraph.md	
html_markdown_html_inline_mixed_links	html	markdown	html/markdown/html_inline_mixed_links.html	html/expected/markdown/html_inline_mixed_links.md	
html_markdown_html_inline_mixed_list	html	markdown	html/markdown/html_inline_mixed_list.html	html/expected/markdown/html_inline_mixed_list.md	
html_markdown_html_inline_mixed_paragraph	html	markdown	html/markdown/html_inline_mixed_paragraph.html	html/expected/markdown/html_inline_mixed_paragraph.md	
html_markdown_html_inline_mixed_table	html	markdown	html/markdown/html_inline_mixed_table.html	html/expected/markdown/html_inline_mixed_table.md	
html_markdown_html_link_basic	html	markdown	html/markdown/html_link_basic.html	html/expected/markdown/html_link_basic.md	
html_markdown_html_link_empty_href_negative	html	markdown	html/markdown/html_link_empty_href_negative.html	html/expected/markdown/html_link_empty_href_negative.md	
html_markdown_html_link_in_list	html	markdown	html/markdown/html_link_in_list.html	html/expected/markdown/html_link_in_list.md	
html_markdown_html_link_in_paragraph	html	markdown	html/markdown/html_link_in_paragraph.html	html/expected/markdown/html_link_in_paragraph.md	
html_markdown_html_link_in_table	html	markdown	html/markdown/html_link_in_table.html	html/expected/markdown/html_link_in_table.md	
html_markdown_html_link_missing_href_negative	html	markdown	html/markdown/html_link_missing_href_negative.html	html/expected/markdown/html_link_missing_href_negative.md	
html_markdown_html_link_nested_inline	html	markdown	html/markdown/html_link_nested_inline.html	html/expected/markdown/html_link_nested_inline.md	
html_markdown_html_link_unsafe_javascript	html	markdown	html/markdown/html_link_unsafe_javascript.html	html/expected/markdown/html_link_unsafe_javascript.md	
html_markdown_html_links_variants	html	markdown	html/markdown/html_links_variants.html	html/expected/markdown/html_links_variants.md	
html_markdown_html_list_item_inline_split_noise	html	markdown	html/markdown/html_list_item_inline_split_noise.html	html/expected/markdown/html_list_item_inline_split_noise.md	
html_markdown_html_list_item_mixed_tail	html	markdown	html/markdown/html_list_item_mixed_tail.html	html/expected/markdown/html_list_item_mixed_tail.md	
html_markdown_html_listitem_link_basic	html	markdown	html/markdown/html_listitem_link_basic.html	html/expected/markdown/html_listitem_link_basic.md	
html_markdown_html_listitem_mixed_text_and_paragraph	html	markdown	html/markdown/html_listitem_mixed_text_and_paragraph.html	html/expected/markdown/html_listitem_mixed_text_and_paragraph.md	
html_markdown_html_listitem_multi_paragraph	html	markdown	html/markdown/html_listitem_multi_paragraph.html	html/expected/markdown/html_listitem_multi_paragraph.md	
html_markdown_html_listitem_with_blockquote	html	markdown	html/markdown/html_listitem_with_blockquote.html	html/expected/markdown/html_listitem_with_blockquote.md	
html_markdown_html_mixed	html	markdown	html/markdown/html_mixed.html	html/expected/markdown/html_mixed.md	
html_markdown_html_nested_list_basic	html	markdown	html/markdown/html_nested_list_basic.html	html/expected/markdown/html_nested_list_basic.md	
html_markdown_html_nested_list_mixed	html	markdown	html/markdown/html_nested_list_mixed.html	html/expected/markdown/html_nested_list_mixed.md	
html_markdown_html_nested_lists_deep	html	markdown	html/markdown/html_nested_lists_deep.html	html/expected/markdown/html_nested_lists_deep.md	
html_markdown_html_ordered_list	html	markdown	html/markdown/html_ordered_list.html	html/expected/markdown/html_ordered_list.md	
html_markdown_html_parser_signal_malformed_unsafe	html	markdown	html/markdown/html_parser_signal_malformed_unsafe.html	html/expected/markdown/html_parser_signal_malformed_unsafe.md	
html_markdown_html_pre	html	markdown	html/markdown/html_pre.html	html/expected/markdown/html_pre.md	
html_markdown_html_pre_code_entities	html	markdown	html/markdown/html_pre_code_entities.html	html/expected/markdown/html_pre_code_entities.md	
html_markdown_html_quote	html	markdown	html/markdown/html_quote.html	html/expected/markdown/html_quote.md	
html_markdown_html_relative_link	html	markdown	html/markdown/html_relative_link.html	html/expected/markdown/html_relative_link.md	
html_markdown_html_remote_figure_current_behavior	html	markdown	html/markdown/html_remote_figure_current_behavior.html	html/expected/markdown/html_remote_figure_current_behavior.md	
html_markdown_html_remote_image_current_behavior	html	markdown	html/markdown/html_remote_image_current_behavior.html	html/expected/markdown/html_remote_image_current_behavior.md	
html_markdown_html_script_style_ignored	html	markdown	html/markdown/html_script_style_ignored.html	html/expected/markdown/html_script_style_ignored.md	
html_markdown_html_semantic_containers	html	markdown	html/markdown/html_semantic_containers.html	html/expected/markdown/html_semantic_containers.md	
html_markdown_html_semantic_sectioning	html	markdown	html/markdown/html_semantic_sectioning.html	html/expected/markdown/html_semantic_sectioning.md	
html_markdown_html_semantic_wrappers	html	markdown	html/markdown/html_semantic_wrappers.html	html/expected/markdown/html_semantic_wrappers.md	
html_markdown_html_simple	html	markdown	html/markdown/html_simple.html	html/expected/markdown/html_simple.md	
html_markdown_html_table_basic	html	markdown	html/markdown/html_table_basic.html	html/expected/markdown/html_table_basic.md	
html_markdown_html_table_cell_br_entities	html	markdown	html/markdown/html_table_cell_br_entities.html	html/expected/markdown/html_table_cell_br_entities.md	
html_markdown_html_table_header_body	html	markdown	html/markdown/html_table_header_body.html	html/expected/markdown/html_table_header_body.md	
html_markdown_html_table_pipes_entities	html	markdown	html/markdown/html_table_pipes_entities.html	html/expected/markdown/html_table_pipes_entities.md	
html_markdown_html_table_ragged_links	html	markdown	html/markdown/html_table_ragged_links.html	html/expected/markdown/html_table_ragged_links.md	
html_markdown_html_table_ragged_rows	html	markdown	html/markdown/html_table_ragged_rows.html	html/expected/markdown/html_table_ragged_rows.md	
html_markdown_html_table_rowspan_colspan_boundary	html	markdown	html/markdown/html_table_rowspan_colspan_boundary.html	html/expected/markdown/html_table_rowspan_colspan_boundary.md	
html_markdown_html_table_thead_th	html	markdown	html/markdown/html_table_thead_th.html	html/expected/markdown/html_table_thead_th.md	
html_markdown_html_unknown_entity_literal	html	markdown	html/markdown/html_unknown_entity_literal.html	html/expected/markdown/html_unknown_entity_literal.md	
html_rag_html_figure_figcaption_basic	html	rag	html/rag/html_figure_figcaption_basic.html	html/expected/rag/html_figure_figcaption_basic.rag.json	
html_rag_html_img_alt_basic	html	rag	html/rag/html_img_alt_basic.html	html/expected/rag/html_img_alt_basic.rag.json	
html_rag_html_img_missing_alt_negative	html	rag	html/rag/html_img_missing_alt_negative.html	html/expected/rag/html_img_missing_alt_negative.rag.json	
html_rag_html_img_single	html	rag	html/rag/html_img_single.html	html/expected/rag/html_img_single.rag.json	
html_rag_html_img_title_basic	html	rag	html/rag/html_img_title_basic.html	html/expected/rag/html_img_title_basic.rag.json	
html_rag_html_link_figure	html	rag	html/rag/html_link_figure.html	html/expected/rag/html_link_figure.rag.json	
html_rag_html_metadata_basic	html	rag	html/rag/html_metadata_basic.html	html/expected/rag/html_metadata_basic.rag.json	
html_rag_html_metadata_link_image	html	rag	html/rag/html_metadata_link_image.html	html/expected/rag/html_metadata_link_image.rag.json	
html_rag_html_metadata_span_boundary	html	rag	html/rag/html_metadata_span_boundary.html	html/expected/rag/html_metadata_span_boundary.rag.json	
html_rag_html_metadata_table_links	html	rag	html/rag/html_metadata_table_links.html	html/expected/rag/html_metadata_table_links.rag.json	
html_rag_html_metadata_unsafe_link_boundary	html	rag	html/rag/html_metadata_unsafe_link_boundary.html	html/expected/rag/html_metadata_unsafe_link_boundary.rag.json	
html_assets_html_entities_extended	html	assets	html/assets/html_entities_extended.html	html/expected/assets/html_entities_extended	
html_assets_html_figure_figcaption_image	html	assets	html/assets/html_figure_figcaption_image.html	html/expected/assets/html_figure_figcaption_image	
html_assets_html_image_alt_title	html	assets	html/assets/html_image_alt_title.html	html/expected/assets/html_image_alt_title	
html_assets_html_img_mixed	html	assets	html/assets/html_img_mixed.html	html/expected/assets/html_img_mixed	
html_assets_html_img_multi_subdir	html	assets	html/assets/html_img_multi_subdir.html	html/expected/assets/html_img_multi_subdir	
html_assets_html_img_single	html	assets	html/assets/html_img_single.html	html/expected/assets/html_img_single	
html_assets_html_local_figure_caption	html	assets	html/assets/html_local_figure_caption.html	html/expected/assets/html_local_figure_caption	
ipynb_markdown_ipynb_malformed_fallback	ipynb	markdown	ipynb/markdown/ipynb_malformed_fallback.ipynb	ipynb/expected/markdown/ipynb_malformed_fallback.md	
ipynb_markdown_ipynb_markdown_basic	ipynb	markdown	ipynb/markdown/ipynb_markdown_basic.ipynb	ipynb/expected/markdown/ipynb_markdown_basic.md	
ipynb_rag_ipynb_markdown_basic	ipynb	rag	ipynb/rag/ipynb_markdown_basic.ipynb	ipynb/expected/rag/ipynb_markdown_basic.rag.json	
ipynb_assets_ipynb_image_assets	ipynb	assets	ipynb/assets/ipynb_image_assets.ipynb	ipynb/expected/assets/ipynb_image_assets	
json_markdown_json_array_objects_ragged	json	markdown	json/markdown/json_array_objects_ragged.json	json/expected/markdown/json_array_objects_ragged.md	
json_markdown_json_array_objects_table	json	markdown	json/markdown/json_array_objects_table.json	json/expected/markdown/json_array_objects_table.md	
json_markdown_json_array_scalars	json	markdown	json/markdown/json_array_scalars.json	json/expected/markdown/json_array_scalars.md	
json_markdown_json_array_scalars_list	json	markdown	json/markdown/json_array_scalars_list.json	json/expected/markdown/json_array_scalars_list.md	
json_markdown_json_bom_utf8	json	markdown	json/markdown/json_bom_utf8.json	json/expected/markdown/json_bom_utf8.md	
json_markdown_json_crlf	json	markdown	json/markdown/json_crlf.json	json/expected/markdown/json_crlf.md	
json_markdown_json_empty_array	json	markdown	json/markdown/json_empty_array.json	json/expected/markdown/json_empty_array.md	
json_markdown_json_empty_object	json	markdown	json/markdown/json_empty_object.json	json/expected/markdown/json_empty_object.md	
json_markdown_json_markdown_chars	json	markdown	json/markdown/json_markdown_chars.json	json/expected/markdown/json_markdown_chars.md	
json_markdown_json_mixed_array	json	markdown	json/markdown/json_mixed_array.json	json/expected/markdown/json_mixed_array.md	
json_markdown_json_nested_array	json	markdown	json/markdown/json_nested_array.json	json/expected/markdown/json_nested_array.md	
json_markdown_json_nested_object	json	markdown	json/markdown/json_nested_object.json	json/expected/markdown/json_nested_object.md	
json_markdown_json_object_basic	json	markdown	json/markdown/json_object_basic.json	json/expected/markdown/json_object_basic.md	
json_markdown_json_scalar_string	json	markdown	json/markdown/json_scalar_string.json	json/expected/markdown/json_scalar_string.md	
json_markdown_json_string_escapes	json	markdown	json/markdown/json_string_escapes.json	json/expected/markdown/json_string_escapes.md	
json_markdown_json_unicode_escape	json	markdown	json/markdown/json_unicode_escape.json	json/expected/markdown/json_unicode_escape.md	
json_markdown_large_array_streaming	json	markdown	json/markdown/large_array_streaming.json	json/expected/markdown/large_array_streaming.md	
json_rag_json_metadata_basic	json	rag	json/rag/json_metadata_basic.json	json/expected/rag/json_metadata_basic.rag.json	
json_rag_json_metadata_nested	json	rag	json/rag/json_metadata_nested.json	json/expected/rag/json_metadata_nested.rag.json	
json_rag_json_metadata_table	json	rag	json/rag/json_metadata_table.json	json/expected/rag/json_metadata_table.rag.json	
jsonl_markdown_jsonl_records_basic	jsonl	markdown	jsonl/markdown/jsonl_records_basic.jsonl	jsonl/expected/markdown/jsonl_records_basic.md	
markdown_markdown_markdown_basic_heading_paragraph	markdown	markdown	markdown/markdown/markdown_basic_heading_paragraph.md	markdown/expected/markdown/markdown_basic_heading_paragraph.md	
markdown_markdown_markdown_bom_utf8	markdown	markdown	markdown/markdown/markdown_bom_utf8.md	markdown/expected/markdown/markdown_bom_utf8.md	
markdown_markdown_markdown_code_fence	markdown	markdown	markdown/markdown/markdown_code_fence.md	markdown/expected/markdown/markdown_code_fence.md	
markdown_markdown_markdown_crlf	markdown	markdown	markdown/markdown/markdown_crlf.md	markdown/expected/markdown/markdown_crlf.md	
markdown_markdown_markdown_empty	markdown	markdown	markdown/markdown/markdown_empty.md	markdown/expected/markdown/markdown_empty.md	
markdown_markdown_markdown_fenced_code	markdown	markdown	markdown/markdown/markdown_fenced_code.md	markdown/expected/markdown/markdown_fenced_code.md	
markdown_markdown_markdown_footnote_basic	markdown	markdown	markdown/markdown/markdown_footnote_basic.md	markdown/expected/markdown/markdown_footnote_basic.md	
markdown_markdown_markdown_frontmatter_passthrough	markdown	markdown	markdown/markdown/markdown_frontmatter_passthrough.markdown	markdown/expected/markdown/markdown_frontmatter_passthrough.md	
markdown_markdown_markdown_heading	markdown	markdown	markdown/markdown/markdown_heading.md	markdown/expected/markdown/markdown_heading.md	
markdown_markdown_markdown_link	markdown	markdown	markdown/markdown/markdown_link.md	markdown/expected/markdown/markdown_link.md	
markdown_markdown_markdown_list	markdown	markdown	markdown/markdown/markdown_list.md	markdown/expected/markdown/markdown_list.md	
markdown_markdown_markdown_mixed_signals	markdown	markdown	markdown/markdown/markdown_mixed_signals.md	markdown/expected/markdown/markdown_mixed_signals.md	
markdown_markdown_markdown_ordered_list	markdown	markdown	markdown/markdown/markdown_ordered_list.md	markdown/expected/markdown/markdown_ordered_list.md	
markdown_markdown_markdown_plain	markdown	markdown	markdown/markdown/markdown_plain.md	markdown/expected/markdown/markdown_plain.md	
markdown_markdown_markdown_preserve_links	markdown	markdown	markdown/markdown/markdown_preserve_links.md	markdown/expected/markdown/markdown_preserve_links.md	
markdown_markdown_markdown_raw_html_literal	markdown	markdown	markdown/markdown/markdown_raw_html_literal.md	markdown/expected/markdown/markdown_raw_html_literal.md	
markdown_markdown_markdown_table	markdown	markdown	markdown/markdown/markdown_table.md	markdown/expected/markdown/markdown_table.md	
markdown_rag_markdown_frontmatter_passthrough	markdown	rag	markdown/rag/markdown_frontmatter_passthrough.markdown	markdown/expected/rag/markdown_frontmatter_passthrough.rag.json	
markdown_rag_markdown_metadata_basic	markdown	rag	markdown/rag/markdown_metadata_basic.md	markdown/expected/rag/markdown_metadata_basic.rag.json	
markdown_rag_markdown_metadata_heading_or_multiline	markdown	rag	markdown/rag/markdown_metadata_heading_or_multiline.md	markdown/expected/rag/markdown_metadata_heading_or_multiline.rag.json	
markdown_rag_markdown_no_trailing_newline	markdown	rag	markdown/rag/markdown_no_trailing_newline.md	markdown/expected/rag/markdown_no_trailing_newline.rag.json	
ndjson_markdown_ndjson_records_basic	ndjson	markdown	ndjson/markdown/ndjson_records_basic.ndjson	ndjson/expected/markdown/ndjson_records_basic.md	
ocr_markdown_ocr_tiny_bmp	ocr	markdown	ocr/markdown/ocr_tiny_bmp.bmp	ocr/expected/markdown/ocr_tiny_bmp.md	
ocr_markdown_ocr_tiny_jpeg	ocr	markdown	ocr/markdown/ocr_tiny_jpeg.jpeg	ocr/expected/markdown/ocr_tiny_jpeg.md	
ocr_markdown_ocr_tiny_jpg	ocr	markdown	ocr/markdown/ocr_tiny_jpg.jpg	ocr/expected/markdown/ocr_tiny_jpg.md	
ocr_markdown_ocr_tiny_png	ocr	markdown	ocr/markdown/ocr_tiny_png.png	ocr/expected/markdown/ocr_tiny_png.md	
ocr_markdown_ocr_tiny_tif	ocr	markdown	ocr/markdown/ocr_tiny_tif.tif	ocr/expected/markdown/ocr_tiny_tif.md	
ocr_markdown_ocr_tiny_tiff	ocr	markdown	ocr/markdown/ocr_tiny_tiff.tiff	ocr/expected/markdown/ocr_tiny_tiff.md	
ocr_markdown_ocr_tiny_webp	ocr	markdown	ocr/markdown/ocr_tiny_webp.webp	ocr/expected/markdown/ocr_tiny_webp.md	
ocr_rag_ocr_tiny_bmp	ocr	rag	ocr/rag/ocr_tiny_bmp.bmp	ocr/expected/rag/ocr_tiny_bmp.rag.json	
ocr_rag_ocr_tiny_jpeg	ocr	rag	ocr/rag/ocr_tiny_jpeg.jpeg	ocr/expected/rag/ocr_tiny_jpeg.rag.json	
ocr_rag_ocr_tiny_jpg	ocr	rag	ocr/rag/ocr_tiny_jpg.jpg	ocr/expected/rag/ocr_tiny_jpg.rag.json	
ocr_rag_ocr_tiny_png	ocr	rag	ocr/rag/ocr_tiny_png.png	ocr/expected/rag/ocr_tiny_png.rag.json	
ocr_rag_ocr_tiny_tif	ocr	rag	ocr/rag/ocr_tiny_tif.tif	ocr/expected/rag/ocr_tiny_tif.rag.json	
ocr_rag_ocr_tiny_tiff	ocr	rag	ocr/rag/ocr_tiny_tiff.tiff	ocr/expected/rag/ocr_tiny_tiff.rag.json	
ocr_rag_ocr_tiny_webp	ocr	rag	ocr/rag/ocr_tiny_webp.webp	ocr/expected/rag/ocr_tiny_webp.rag.json	
odp_markdown_odp_basic_sample	odp	markdown	odp/markdown/odp_basic_sample.odp	odp/expected/markdown/odp_basic_sample.md	
odp_rag_odp_basic_sample	odp	rag	odp/rag/odp_basic_sample.odp	odp/expected/rag/odp_basic_sample.rag.json	
odp_assets_odp_basic_assets	odp	assets	odp/assets/odp_basic_assets.odp	odp/expected/assets/odp_basic_assets	
ods_markdown_ods_basic_sample	ods	markdown	ods/markdown/ods_basic_sample.ods	ods/expected/markdown/ods_basic_sample.md	
ods_rag_ods_basic_sample	ods	rag	ods/rag/ods_basic_sample.ods	ods/expected/rag/ods_basic_sample.rag.json	
odt_markdown_odt_basic_sample	odt	markdown	odt/markdown/odt_basic_sample.odt	odt/expected/markdown/odt_basic_sample.md	
odt_rag_odt_basic_sample	odt	rag	odt/rag/odt_basic_sample.odt	odt/expected/rag/odt_basic_sample.rag.json	
odt_assets_odt_basic_assets	odt	assets	odt/assets/odt_basic_assets.odt	odt/expected/assets/odt_basic_assets	
pdf_markdown_hardwrap_en	pdf	markdown	pdf/markdown/hardwrap_en.pdf	pdf/expected/markdown/hardwrap_en.md	
pdf_markdown_hardwrap_zh	pdf	markdown	pdf/markdown/hardwrap_zh.pdf	pdf/expected/markdown/hardwrap_zh.md	
pdf_markdown_heading_basic	pdf	markdown	pdf/markdown/heading_basic.pdf	pdf/expected/markdown/heading_basic.md	
pdf_markdown_not_heading_sentence	pdf	markdown	pdf/markdown/not_heading_sentence.pdf	pdf/expected/markdown/not_heading_sentence.md	
pdf_markdown_pdf_cross_page_paragraph	pdf	markdown	pdf/markdown/pdf_cross_page_paragraph.pdf	pdf/expected/markdown/pdf_cross_page_paragraph.md	
pdf_markdown_pdf_cross_page_should_merge_phase15	pdf	markdown	pdf/markdown/pdf_cross_page_should_merge_phase15.pdf	pdf/expected/markdown/pdf_cross_page_should_merge_phase15.md	
pdf_markdown_pdf_cross_page_should_not_merge_phase15	pdf	markdown	pdf/markdown/pdf_cross_page_should_not_merge_phase15.pdf	pdf/expected/markdown/pdf_cross_page_should_not_merge_phase15.md	
pdf_markdown_pdf_header_footer_variants_phase15	pdf	markdown	pdf/markdown/pdf_header_footer_variants_phase15.pdf	pdf/expected/markdown/pdf_header_footer_variants_phase15.md	
pdf_markdown_pdf_heading_false_positive_phase15	pdf	markdown	pdf/markdown/pdf_heading_false_positive_phase15.pdf	pdf/expected/markdown/pdf_heading_false_positive_phase15.md	
pdf_markdown_pdf_heading_vs_short_sentence	pdf	markdown	pdf/markdown/pdf_heading_vs_short_sentence.pdf	pdf/expected/markdown/pdf_heading_vs_short_sentence.md	
pdf_markdown_pdf_page_noise_cleanup	pdf	markdown	pdf/markdown/pdf_page_noise_cleanup.pdf	pdf/expected/markdown/pdf_page_noise_cleanup.md	
pdf_markdown_pdf_repeated_header_footer	pdf	markdown	pdf/markdown/pdf_repeated_header_footer.pdf	pdf/expected/markdown/pdf_repeated_header_footer.md	
pdf_markdown_pdf_repeated_header_footer_variants	pdf	markdown	pdf/markdown/pdf_repeated_header_footer_variants.pdf	pdf/expected/markdown/pdf_repeated_header_footer_variants.md	
pdf_markdown_pdf_simple_table_like	pdf	markdown	pdf/markdown/pdf_simple_table_like.pdf	pdf/expected/markdown/pdf_simple_table_like.md	
pdf_markdown_pdf_two_column_negative_phase15	pdf	markdown	pdf/markdown/pdf_two_column_negative_phase15.pdf	pdf/expected/markdown/pdf_two_column_negative_phase15.md	
pdf_markdown_pdf_uri_link_basic	pdf	markdown	pdf/markdown/pdf_uri_link_basic.pdf	pdf/expected/markdown/pdf_uri_link_basic.md	
pdf_markdown_root_native_text_baseline	pdf	markdown	pdf/markdown/root_native_text_baseline.pdf	pdf/expected/markdown/root_native_text_baseline.md	
pdf_markdown_text_hardwrap	pdf	markdown	pdf/markdown/text_hardwrap.pdf	pdf/expected/markdown/text_hardwrap.md	
pdf_markdown_text_multipage	pdf	markdown	pdf/markdown/text_multipage.pdf	pdf/expected/markdown/text_multipage.md	
pdf_markdown_text_simple	pdf	markdown	pdf/markdown/text_simple.pdf	pdf/expected/markdown/text_simple.md	
pdf_rag_pdf_metadata_noise_merge	pdf	rag	pdf/rag/pdf_metadata_noise_merge.pdf	pdf/expected/rag/pdf_metadata_noise_merge.rag.json	
pdf_rag_pdf_metadata_table_like	pdf	rag	pdf/rag/pdf_metadata_table_like.pdf	pdf/expected/rag/pdf_metadata_table_like.rag.json	
pdf_rag_pdf_metadata_text_structure	pdf	rag	pdf/rag/pdf_metadata_text_structure.pdf	pdf/expected/rag/pdf_metadata_text_structure.rag.json	
pdf_rag_pdf_metadata_uri_link	pdf	rag	pdf/rag/pdf_metadata_uri_link.pdf	pdf/expected/rag/pdf_metadata_uri_link.rag.json	
pdf_ocr_pdf_ocr_single_page	pdf	ocr	pdf/ocr/pdf_ocr_single_page.pdf	pdf/expected/ocr/pdf_ocr_single_page.md	
pdf_ocr_pdf_ocr_two_page	pdf	ocr	pdf/ocr/pdf_ocr_two_page.pdf	pdf/expected/ocr/pdf_ocr_two_page.md	
pptx_markdown_pptx_bullet_levels	pptx	markdown	pptx/markdown/pptx_bullet_levels.pptx	pptx/expected/markdown/pptx_bullet_levels.md	
pptx_markdown_pptx_bullet_property	pptx	markdown	pptx/markdown/pptx_bullet_property.pptx	pptx/expected/markdown/pptx_bullet_property.md	
pptx_markdown_pptx_callout_blocks_basic	pptx	markdown	pptx/markdown/pptx_callout_blocks_basic.pptx	pptx/expected/markdown/pptx_callout_blocks_basic.md	
pptx_markdown_pptx_callout_blocks_mixed_widths	pptx	markdown	pptx/markdown/pptx_callout_blocks_mixed_widths.pptx	pptx/expected/markdown/pptx_callout_blocks_mixed_widths.md	
pptx_markdown_pptx_callout_blocks_row_jitter	pptx	markdown	pptx/markdown/pptx_callout_blocks_row_jitter.pptx	pptx/expected/markdown/pptx_callout_blocks_row_jitter.md	
pptx_markdown_pptx_card_pairs_basic	pptx	markdown	pptx/markdown/pptx_card_pairs_basic.pptx	pptx/expected/markdown/pptx_card_pairs_basic.md	
pptx_markdown_pptx_card_pairs_two_groups	pptx	markdown	pptx/markdown/pptx_card_pairs_two_groups.pptx	pptx/expected/markdown/pptx_card_pairs_two_groups.md	
pptx_markdown_pptx_card_pairs_two_rows_three_cols	pptx	markdown	pptx/markdown/pptx_card_pairs_two_rows_three_cols.pptx	pptx/expected/markdown/pptx_card_pairs_two_rows_three_cols.md	
pptx_markdown_pptx_card_pairs_with_side_note	pptx	markdown	pptx/markdown/pptx_card_pairs_with_side_note.pptx	pptx/expected/markdown/pptx_card_pairs_with_side_note.md	
pptx_markdown_pptx_explicit_table	pptx	markdown	pptx/markdown/pptx_explicit_table.pptx	pptx/expected/markdown/pptx_explicit_table.md	
pptx_markdown_pptx_footer_page_number	pptx	markdown	pptx/markdown/pptx_footer_page_number.pptx	pptx/expected/markdown/pptx_footer_page_number.md	
pptx_markdown_pptx_grouped_shapes_boundary	pptx	markdown	pptx/markdown/pptx_grouped_shapes_boundary.pptx	pptx/expected/markdown/pptx_grouped_shapes_boundary.md	
pptx_markdown_pptx_hidden_slide_basic	pptx	markdown	pptx/markdown/pptx_hidden_slide_basic.pptx	pptx/expected/markdown/pptx_hidden_slide_basic.md	
pptx_markdown_pptx_hidden_slides_policy	pptx	markdown	pptx/markdown/pptx_hidden_slides_policy.pptx	pptx/expected/markdown/pptx_hidden_slides_policy.md	
pptx_markdown_pptx_hyperlink_basic	pptx	markdown	pptx/markdown/pptx_hyperlink_basic.pptx	pptx/expected/markdown/pptx_hyperlink_basic.md	
pptx_markdown_pptx_hyperlink_shape_basic	pptx	markdown	pptx/markdown/pptx_hyperlink_shape_basic.pptx	pptx/expected/markdown/pptx_hyperlink_shape_basic.md	
pptx_markdown_pptx_hyperlink_shape_negative_empty_target	pptx	markdown	pptx/markdown/pptx_hyperlink_shape_negative_empty_target.pptx	pptx/expected/markdown/pptx_hyperlink_shape_negative_empty_target.md	
pptx_markdown_pptx_link_basic	pptx	markdown	pptx/markdown/pptx_link_basic.pptx	pptx/expected/markdown/pptx_link_basic.md	
pptx_markdown_pptx_link_in_paragraph	pptx	markdown	pptx/markdown/pptx_link_in_paragraph.pptx	pptx/expected/markdown/pptx_link_in_paragraph.md	
pptx_markdown_pptx_link_missing_rel_negative	pptx	markdown	pptx/markdown/pptx_link_missing_rel_negative.pptx	pptx/expected/markdown/pptx_link_missing_rel_negative.md	
pptx_markdown_pptx_link_multiple_runs	pptx	markdown	pptx/markdown/pptx_link_multiple_runs.pptx	pptx/expected/markdown/pptx_link_multiple_runs.md	
pptx_markdown_pptx_multirun_hyperlink	pptx	markdown	pptx/markdown/pptx_multirun_hyperlink.pptx	pptx/expected/markdown/pptx_multirun_hyperlink.md	
pptx_markdown_pptx_negative_dense_keyword_wall	pptx	markdown	pptx/markdown/pptx_negative_dense_keyword_wall.pptx	pptx/expected/markdown/pptx_negative_dense_keyword_wall.md	
pptx_markdown_pptx_ordered_list	pptx	markdown	pptx/markdown/pptx_ordered_list.pptx	pptx/expected/markdown/pptx_ordered_list.md	
pptx_markdown_pptx_reading_order_geometry	pptx	markdown	pptx/markdown/pptx_reading_order_geometry.pptx	pptx/expected/markdown/pptx_reading_order_geometry.md	
pptx_markdown_pptx_right_side_notes	pptx	markdown	pptx/markdown/pptx_right_side_notes.pptx	pptx/expected/markdown/pptx_right_side_notes.md	
pptx_markdown_pptx_slide_order	pptx	markdown	pptx/markdown/pptx_slide_order.pptx	pptx/expected/markdown/pptx_slide_order.md	
pptx_markdown_pptx_slide_order_placeholders	pptx	markdown	pptx/markdown/pptx_slide_order_placeholders.pptx	pptx/expected/markdown/pptx_slide_order_placeholders.md	
pptx_markdown_pptx_small_grouped_notes	pptx	markdown	pptx/markdown/pptx_small_grouped_notes.pptx	pptx/expected/markdown/pptx_small_grouped_notes.md	
pptx_markdown_pptx_speaker_notes_basic	pptx	markdown	pptx/markdown/pptx_speaker_notes_basic.pptx	pptx/expected/markdown/pptx_speaker_notes_basic.md	
pptx_markdown_pptx_table_like_header_edge_basic	pptx	markdown	pptx/markdown/pptx_table_like_header_edge_basic.pptx	pptx/expected/markdown/pptx_table_like_header_edge_basic.md	
pptx_markdown_pptx_table_like_header_edge_with_note	pptx	markdown	pptx/markdown/pptx_table_like_header_edge_with_note.pptx	pptx/expected/markdown/pptx_table_like_header_edge_with_note.md	
pptx_markdown_pptx_table_like_local_edge_cell	pptx	markdown	pptx/markdown/pptx_table_like_local_edge_cell.pptx	pptx/expected/markdown/pptx_table_like_local_edge_cell.md	
pptx_markdown_pptx_table_like_local_with_side_note	pptx	markdown	pptx/markdown/pptx_table_like_local_with_side_note.pptx	pptx/expected/markdown/pptx_table_like_local_with_side_note.md	
pptx_markdown_pptx_table_like_negative_cards_2x2	pptx	markdown	pptx/markdown/pptx_table_like_negative_cards_2x2.pptx	pptx/expected/markdown/pptx_table_like_negative_cards_2x2.md	
pptx_markdown_pptx_table_like_negative_cards_2x3_dense	pptx	markdown	pptx/markdown/pptx_table_like_negative_cards_2x3_dense.pptx	pptx/expected/markdown/pptx_table_like_negative_cards_2x3_dense.md	
pptx_markdown_pptx_table_like_negative_cards_with_badge	pptx	markdown	pptx/markdown/pptx_table_like_negative_cards_with_badge.pptx	pptx/expected/markdown/pptx_table_like_negative_cards_with_badge.md	
pptx_markdown_pptx_table_like_negative_header_cards	pptx	markdown	pptx/markdown/pptx_table_like_negative_header_cards.pptx	pptx/expected/markdown/pptx_table_like_negative_header_cards.md	
pptx_markdown_pptx_table_like_negative_icon_caption_grid	pptx	markdown	pptx/markdown/pptx_table_like_negative_icon_caption_grid.pptx	pptx/expected/markdown/pptx_table_like_negative_icon_caption_grid.md	
pptx_markdown_pptx_table_like_negative_keyword_grid	pptx	markdown	pptx/markdown/pptx_table_like_negative_keyword_grid.pptx	pptx/expected/markdown/pptx_table_like_negative_keyword_grid.md	
pptx_markdown_pptx_table_like_negative_timeline	pptx	markdown	pptx/markdown/pptx_table_like_negative_timeline.pptx	pptx/expected/markdown/pptx_table_like_negative_timeline.md	
pptx_markdown_pptx_table_like_negative_two_column_explainer	pptx	markdown	pptx/markdown/pptx_table_like_negative_two_column_explainer.pptx	pptx/expected/markdown/pptx_table_like_negative_two_column_explainer.md	
pptx_markdown_pptx_table_like_negative_two_column_labels	pptx	markdown	pptx/markdown/pptx_table_like_negative_two_column_labels.pptx	pptx/expected/markdown/pptx_table_like_negative_two_column_labels.md	
pptx_markdown_pptx_table_like_region_basic	pptx	markdown	pptx/markdown/pptx_table_like_region_basic.pptx	pptx/expected/markdown/pptx_table_like_region_basic.md	
pptx_markdown_pptx_table_like_region_local_basic	pptx	markdown	pptx/markdown/pptx_table_like_region_local_basic.pptx	pptx/expected/markdown/pptx_table_like_region_local_basic.md	
pptx_markdown_pptx_table_like_region_local_with_intro_outro	pptx	markdown	pptx/markdown/pptx_table_like_region_local_with_intro_outro.pptx	pptx/expected/markdown/pptx_table_like_region_local_with_intro_outro.md	
pptx_markdown_pptx_table_like_strong_2x3	pptx	markdown	pptx/markdown/pptx_table_like_strong_2x3.pptx	pptx/expected/markdown/pptx_table_like_strong_2x3.md	
pptx_markdown_pptx_table_like_strong_3x3_header	pptx	markdown	pptx/markdown/pptx_table_like_strong_3x3_header.pptx	pptx/expected/markdown/pptx_table_like_strong_3x3_header.md	
pptx_markdown_pptx_title_body_split	pptx	markdown	pptx/markdown/pptx_title_body_split.pptx	pptx/expected/markdown/pptx_title_body_split.md	
pptx_markdown_pptx_title_bullets	pptx	markdown	pptx/markdown/pptx_title_bullets.pptx	pptx/expected/markdown/pptx_title_bullets.md	
pptx_markdown_pptx_title_multiline	pptx	markdown	pptx/markdown/pptx_title_multiline.pptx	pptx/expected/markdown/pptx_title_multiline.md	
pptx_markdown_pptx_top_title_multi_boxes	pptx	markdown	pptx/markdown/pptx_top_title_multi_boxes.pptx	pptx/expected/markdown/pptx_top_title_multi_boxes.md	
pptx_markdown_pptx_two_columns	pptx	markdown	pptx/markdown/pptx_two_columns.pptx	pptx/expected/markdown/pptx_two_columns.md	
pptx_markdown_pptx_two_note_clusters	pptx	markdown	pptx/markdown/pptx_two_note_clusters.pptx	pptx/expected/markdown/pptx_two_note_clusters.md	
pptx_rag_pptx_caption_scatter_one_real_pair	pptx	rag	pptx/rag/pptx_caption_scatter_one_real_pair.pptx	pptx/expected/rag/pptx_caption_scatter_one_real_pair.rag.json	
pptx_rag_pptx_caption_scatter_pair_plus_footer_note	pptx	rag	pptx/rag/pptx_caption_scatter_pair_plus_footer_note.pptx	pptx/expected/rag/pptx_caption_scatter_pair_plus_footer_note.rag.json	
pptx_rag_pptx_caption_scatter_two_real_pairs	pptx	rag	pptx/rag/pptx_caption_scatter_two_real_pairs.pptx	pptx/expected/rag/pptx_caption_scatter_two_real_pairs.rag.json	
pptx_rag_pptx_explicit_table_basic	pptx	rag	pptx/rag/pptx_explicit_table_basic.pptx	pptx/expected/rag/pptx_explicit_table_basic.rag.json	
pptx_rag_pptx_image_alt_title_basic	pptx	rag	pptx/rag/pptx_image_alt_title_basic.pptx	pptx/expected/rag/pptx_image_alt_title_basic.rag.json	
pptx_rag_pptx_image_caption_basic	pptx	rag	pptx/rag/pptx_image_caption_basic.pptx	pptx/expected/rag/pptx_image_caption_basic.rag.json	
pptx_rag_pptx_image_caption_near_basic	pptx	rag	pptx/rag/pptx_image_caption_near_basic.pptx	pptx/expected/rag/pptx_image_caption_near_basic.rag.json	
pptx_rag_pptx_image_multiple_caption_ambiguous_negative	pptx	rag	pptx/rag/pptx_image_multiple_caption_ambiguous_negative.pptx	pptx/expected/rag/pptx_image_multiple_caption_ambiguous_negative.rag.json	
pptx_rag_pptx_image_no_alt_negative	pptx	rag	pptx/rag/pptx_image_no_alt_negative.pptx	pptx/expected/rag/pptx_image_no_alt_negative.rag.json	
pptx_rag_pptx_image_single_caption_like	pptx	rag	pptx/rag/pptx_image_single_caption_like.pptx	pptx/expected/rag/pptx_image_single_caption_like.rag.json	
pptx_rag_pptx_metadata_caption_like	pptx	rag	pptx/rag/pptx_metadata_caption_like.pptx	pptx/expected/rag/pptx_metadata_caption_like.rag.json	
pptx_rag_pptx_metadata_docprops_rich	pptx	rag	pptx/rag/pptx_metadata_docprops_rich.pptx	pptx/expected/rag/pptx_metadata_docprops_rich.rag.json	
pptx_rag_pptx_metadata_links_images	pptx	rag	pptx/rag/pptx_metadata_links_images.pptx	pptx/expected/rag/pptx_metadata_links_images.rag.json	
pptx_rag_pptx_metadata_notes_hidden	pptx	rag	pptx/rag/pptx_metadata_notes_hidden.pptx	pptx/expected/rag/pptx_metadata_notes_hidden.rag.json	
pptx_rag_pptx_metadata_table_basic	pptx	rag	pptx/rag/pptx_metadata_table_basic.pptx	pptx/expected/rag/pptx_metadata_table_basic.rag.json	
pptx_rag_pptx_metadata_table_grid	pptx	rag	pptx/rag/pptx_metadata_table_grid.pptx	pptx/expected/rag/pptx_metadata_table_grid.rag.json	
pptx_rag_pptx_negative_caption_scatter	pptx	rag	pptx/rag/pptx_negative_caption_scatter.pptx	pptx/expected/rag/pptx_negative_caption_scatter.rag.json	
pptx_rag_pptx_simple	pptx	rag	pptx/rag/pptx_simple.pptx	pptx/expected/rag/pptx_simple.rag.json	
pptx_rag_pptx_speaker_notes_basic	pptx	rag	pptx/rag/pptx_speaker_notes_basic.pptx	pptx/expected/rag/pptx_speaker_notes_basic.rag.json	
pptx_rag_pptx_two_body_left_right	pptx	rag	pptx/rag/pptx_two_body_left_right.pptx	pptx/expected/rag/pptx_two_body_left_right.rag.json	
pptx_rag_pptx_two_body_top_bottom	pptx	rag	pptx/rag/pptx_two_body_top_bottom.pptx	pptx/expected/rag/pptx_two_body_top_bottom.rag.json	
pptx_assets_pptx_image_alt_title	pptx	assets	pptx/assets/pptx_image_alt_title.pptx	pptx/expected/assets/pptx_image_alt_title	
pptx_assets_pptx_image_caption_like_boundary	pptx	assets	pptx/assets/pptx_image_caption_like_boundary.pptx	pptx/expected/assets/pptx_image_caption_like_boundary	
pptx_assets_pptx_image_mixed	pptx	assets	pptx/assets/pptx_image_mixed.pptx	pptx/expected/assets/pptx_image_mixed	
pptx_assets_pptx_image_multi	pptx	assets	pptx/assets/pptx_image_multi.pptx	pptx/expected/assets/pptx_image_multi	
pptx_assets_pptx_image_single	pptx	assets	pptx/assets/pptx_image_single.pptx	pptx/expected/assets/pptx_image_single	
rst_markdown_rst_admonition_and_table	rst	markdown	rst/markdown/rst_admonition_and_table.rst	rst/expected/markdown/rst_admonition_and_table.md	
rst_markdown_rst_basic	rst	markdown	rst/markdown/rst_basic.rst	rst/expected/markdown/rst_basic.md	
rst_markdown_rst_directive_include	rst	markdown	rst/markdown/rst_directive_include.rst	rst/expected/markdown/rst_directive_include.md	
rst_markdown_rst_structured_inventory	rst	markdown	rst/markdown/rst_structured_inventory.rst	rst/expected/markdown/rst_structured_inventory.md	
rst_rag_rst_admonition_and_table	rst	rag	rst/rag/rst_admonition_and_table.rst	rst/expected/rag/rst_admonition_and_table.rag.json	
rst_rag_rst_basic	rst	rag	rst/rag/rst_basic.rst	rst/expected/rag/rst_basic.rag.json	
rst_rag_rst_directive_include	rst	rag	rst/rag/rst_directive_include.rst	rst/expected/rag/rst_directive_include.rag.json	
rst_rag_rst_structured_inventory	rst	rag	rst/rag/rst_structured_inventory.rst	rst/expected/rag/rst_structured_inventory.rag.json	
srt_markdown_srt_basic	srt	markdown	srt/markdown/srt_basic.srt	srt/expected/markdown/srt_basic.md	
srt_markdown_srt_multiline_bom_crlf	srt	markdown	srt/markdown/srt_multiline_bom_crlf.srt	srt/expected/markdown/srt_multiline_bom_crlf.md	
srt_rag_srt_basic	srt	rag	srt/rag/srt_basic.srt	srt/expected/rag/srt_basic.rag.json	
srt_rag_srt_multiline_bom_crlf	srt	rag	srt/rag/srt_multiline_bom_crlf.srt	srt/expected/rag/srt_multiline_bom_crlf.rag.json	
tex_markdown_tex_basic	tex	markdown	tex/markdown/tex_basic.tex	tex/expected/markdown/tex_basic.md	
tex_markdown_tex_include_and_environment	tex	markdown	tex/markdown/tex_include_and_environment.tex	tex/expected/markdown/tex_include_and_environment.md	
tex_markdown_tex_quote_and_table	tex	markdown	tex/markdown/tex_quote_and_table.tex	tex/expected/markdown/tex_quote_and_table.md	
tex_markdown_tex_structured_inventory	tex	markdown	tex/markdown/tex_structured_inventory.tex	tex/expected/markdown/tex_structured_inventory.md	
tex_rag_tex_basic	tex	rag	tex/rag/tex_basic.tex	tex/expected/rag/tex_basic.rag.json	
tex_rag_tex_include_and_environment	tex	rag	tex/rag/tex_include_and_environment.tex	tex/expected/rag/tex_include_and_environment.rag.json	
tex_rag_tex_quote_and_table	tex	rag	tex/rag/tex_quote_and_table.tex	tex/expected/rag/tex_quote_and_table.rag.json	
tex_rag_tex_structured_inventory	tex	rag	tex/rag/tex_structured_inventory.tex	tex/expected/rag/tex_structured_inventory.rag.json	
toml_markdown_toml_array_of_scalars	toml	markdown	toml/markdown/toml_array_of_scalars.toml	toml/expected/markdown/toml_array_of_scalars.md	
toml_markdown_toml_array_of_tables_ragged	toml	markdown	toml/markdown/toml_array_of_tables_ragged.toml	toml/expected/markdown/toml_array_of_tables_ragged.md	
toml_markdown_toml_array_of_tables_table	toml	markdown	toml/markdown/toml_array_of_tables_table.toml	toml/expected/markdown/toml_array_of_tables_table.md	
toml_markdown_toml_bom_utf8	toml	markdown	toml/markdown/toml_bom_utf8.toml	toml/expected/markdown/toml_bom_utf8.md	
toml_markdown_toml_comments	toml	markdown	toml/markdown/toml_comments.toml	toml/expected/markdown/toml_comments.md	
toml_markdown_toml_crlf	toml	markdown	toml/markdown/toml_crlf.toml	toml/expected/markdown/toml_crlf.md	
toml_markdown_toml_dotted_keys	toml	markdown	toml/markdown/toml_dotted_keys.toml	toml/expected/markdown/toml_dotted_keys.md	
toml_markdown_toml_empty_table_or_array	toml	markdown	toml/markdown/toml_empty_table_or_array.toml	toml/expected/markdown/toml_empty_table_or_array.md	
toml_markdown_toml_inline_table	toml	markdown	toml/markdown/toml_inline_table.toml	toml/expected/markdown/toml_inline_table.md	
toml_markdown_toml_malformed_current_fallback	toml	markdown	toml/markdown/toml_malformed_current_fallback.toml	toml/expected/markdown/toml_malformed_current_fallback.md	
toml_markdown_toml_markdown_chars	toml	markdown	toml/markdown/toml_markdown_chars.toml	toml/expected/markdown/toml_markdown_chars.md	
toml_markdown_toml_multiline_basic_string	toml	markdown	toml/markdown/toml_multiline_basic_string.toml	toml/expected/markdown/toml_multiline_basic_string.md	
toml_markdown_toml_multiline_literal_string	toml	markdown	toml/markdown/toml_multiline_literal_string.toml	toml/expected/markdown/toml_multiline_literal_string.md	
toml_markdown_toml_named_tables	toml	markdown	toml/markdown/toml_named_tables.toml	toml/expected/markdown/toml_named_tables.md	
toml_markdown_toml_numbers_booleans_datetime	toml	markdown	toml/markdown/toml_numbers_booleans_datetime.toml	toml/expected/markdown/toml_numbers_booleans_datetime.md	
toml_markdown_toml_object_basic	toml	markdown	toml/markdown/toml_object_basic.toml	toml/expected/markdown/toml_object_basic.md	
toml_rag_toml_array_of_tables_ragged	toml	rag	toml/rag/toml_array_of_tables_ragged.toml	toml/expected/rag/toml_array_of_tables_ragged.rag.json	
toml_rag_toml_array_of_tables_table	toml	rag	toml/rag/toml_array_of_tables_table.toml	toml/expected/rag/toml_array_of_tables_table.rag.json	
toml_rag_toml_inline_table	toml	rag	toml/rag/toml_inline_table.toml	toml/expected/rag/toml_inline_table.rag.json	
toml_rag_toml_named_tables	toml	rag	toml/rag/toml_named_tables.toml	toml/expected/rag/toml_named_tables.rag.json	
toml_rag_toml_object_basic	toml	rag	toml/rag/toml_object_basic.toml	toml/expected/rag/toml_object_basic.rag.json	
tsv_markdown_tsv_basic	tsv	markdown	tsv/markdown/tsv_basic.tsv	tsv/expected/markdown/tsv_basic.md	
tsv_markdown_tsv_bom_utf8	tsv	markdown	tsv/markdown/tsv_bom_utf8.tsv	tsv/expected/markdown/tsv_bom_utf8.md	
tsv_markdown_tsv_crlf	tsv	markdown	tsv/markdown/tsv_crlf.tsv	tsv/expected/markdown/tsv_crlf.md	
tsv_markdown_tsv_empty	tsv	markdown	tsv/markdown/tsv_empty.tsv	tsv/expected/markdown/tsv_empty.md	
tsv_markdown_tsv_empty_cells	tsv	markdown	tsv/markdown/tsv_empty_cells.tsv	tsv/expected/markdown/tsv_empty_cells.md	
tsv_markdown_tsv_header	tsv	markdown	tsv/markdown/tsv_header.tsv	tsv/expected/markdown/tsv_header.md	
tsv_markdown_tsv_markdown_pipes	tsv	markdown	tsv/markdown/tsv_markdown_pipes.tsv	tsv/expected/markdown/tsv_markdown_pipes.md	
tsv_markdown_tsv_ragged_rows	tsv	markdown	tsv/markdown/tsv_ragged_rows.tsv	tsv/expected/markdown/tsv_ragged_rows.md	
tsv_rag_tsv_metadata_basic	tsv	rag	tsv/rag/tsv_metadata_basic.tsv	tsv/expected/rag/tsv_metadata_basic.rag.json	
txt_markdown_txt_bom_utf8	txt	markdown	txt/markdown/txt_bom_utf8.txt	txt/expected/markdown/txt_bom_utf8.md	
txt_markdown_txt_cjk_paragraphs	txt	markdown	txt/markdown/txt_cjk_paragraphs.txt	txt/expected/markdown/txt_cjk_paragraphs.md	
txt_markdown_txt_crlf	txt	markdown	txt/markdown/txt_crlf.txt	txt/expected/markdown/txt_crlf.md	
txt_markdown_txt_empty_lines	txt	markdown	txt/markdown/txt_empty_lines.txt	txt/expected/markdown/txt_empty_lines.md	
txt_markdown_txt_long_lines	txt	markdown	txt/markdown/txt_long_lines.txt	txt/expected/markdown/txt_long_lines.md	
txt_markdown_txt_many_paragraphs	txt	markdown	txt/markdown/txt_many_paragraphs.txt	txt/expected/markdown/txt_many_paragraphs.md	
txt_markdown_txt_markdown_like_literal	txt	markdown	txt/markdown/txt_markdown_like_literal.txt	txt/expected/markdown/txt_markdown_like_literal.md	
txt_markdown_txt_paragraphs	txt	markdown	txt/markdown/txt_paragraphs.txt	txt/expected/markdown/txt_paragraphs.md	
txt_markdown_txt_plain	txt	markdown	txt/markdown/txt_plain.txt	txt/expected/markdown/txt_plain.md	
txt_rag_txt_metadata_basic	txt	rag	txt/rag/txt_metadata_basic.txt	txt/expected/rag/txt_metadata_basic.rag.json	
txt_rag_txt_metadata_markdown_like	txt	rag	txt/rag/txt_metadata_markdown_like.txt	txt/expected/rag/txt_metadata_markdown_like.rag.json	
vtt_markdown_vtt_basic	vtt	markdown	vtt/markdown/vtt_basic.vtt	vtt/expected/markdown/vtt_basic.md	
vtt_markdown_vtt_style_region_note	vtt	markdown	vtt/markdown/vtt_style_region_note.vtt	vtt/expected/markdown/vtt_style_region_note.md	
vtt_rag_vtt_basic	vtt	rag	vtt/rag/vtt_basic.vtt	vtt/expected/rag/vtt_basic.rag.json	
vtt_rag_vtt_style_region_note	vtt	rag	vtt/rag/vtt_style_region_note.vtt	vtt/expected/rag/vtt_style_region_note.rag.json	
xlsx_markdown_sheet_simple	xlsx	markdown	xlsx/markdown/sheet_simple.xlsx	xlsx/expected/markdown/sheet_simple.md	
xlsx_markdown_xlsx_builtin_date_14	xlsx	markdown	xlsx/markdown/xlsx_builtin_date_14.xlsx	xlsx/expected/markdown/xlsx_builtin_date_14.md	
xlsx_markdown_xlsx_builtin_datetime_22	xlsx	markdown	xlsx/markdown/xlsx_builtin_datetime_22.xlsx	xlsx/expected/markdown/xlsx_builtin_datetime_22.md	
xlsx_markdown_xlsx_builtin_time_20	xlsx	markdown	xlsx/markdown/xlsx_builtin_time_20.xlsx	xlsx/expected/markdown/xlsx_builtin_time_20.md	
xlsx_markdown_xlsx_cell_types	xlsx	markdown	xlsx/markdown/xlsx_cell_types.xlsx	xlsx/expected/markdown/xlsx_cell_types.md	
xlsx_markdown_xlsx_date_basic	xlsx	markdown	xlsx/markdown/xlsx_date_basic.xlsx	xlsx/expected/markdown/xlsx_date_basic.md	
xlsx_markdown_xlsx_datetime_basic	xlsx	markdown	xlsx/markdown/xlsx_datetime_basic.xlsx	xlsx/expected/markdown/xlsx_datetime_basic.md	
xlsx_markdown_xlsx_empty_sheet	xlsx	markdown	xlsx/markdown/xlsx_empty_sheet.xlsx	xlsx/expected/markdown/xlsx_empty_sheet.md	
xlsx_markdown_xlsx_formula_cached_value_current_policy	xlsx	markdown	xlsx/markdown/xlsx_formula_cached_value_current_policy.xlsx	xlsx/expected/markdown/xlsx_formula_cached_value_current_policy.md	
xlsx_markdown_xlsx_formula_cached_values	xlsx	markdown	xlsx/markdown/xlsx_formula_cached_values.xlsx	xlsx/expected/markdown/xlsx_formula_cached_values.md	
xlsx_markdown_xlsx_formula_eval_arithmetic	xlsx	markdown	xlsx/markdown/xlsx_formula_eval_arithmetic.xlsx	xlsx/expected/markdown/xlsx_formula_eval_arithmetic.md	
xlsx_markdown_xlsx_formula_eval_errors	xlsx	markdown	xlsx/markdown/xlsx_formula_eval_errors.xlsx	xlsx/expected/markdown/xlsx_formula_eval_errors.md	
xlsx_markdown_xlsx_formula_eval_if_round_text	xlsx	markdown	xlsx/markdown/xlsx_formula_eval_if_round_text.xlsx	xlsx/expected/markdown/xlsx_formula_eval_if_round_text.md	
xlsx_markdown_xlsx_formula_eval_ranges	xlsx	markdown	xlsx/markdown/xlsx_formula_eval_ranges.xlsx	xlsx/expected/markdown/xlsx_formula_eval_ranges.md	
xlsx_markdown_xlsx_formula_eval_unsupported	xlsx	markdown	xlsx/markdown/xlsx_formula_eval_unsupported.xlsx	xlsx/expected/markdown/xlsx_formula_eval_unsupported.md	
xlsx_markdown_xlsx_formula_missing_cache	xlsx	markdown	xlsx/markdown/xlsx_formula_missing_cache.xlsx	xlsx/expected/markdown/xlsx_formula_missing_cache.md	
xlsx_markdown_xlsx_hidden_sheet_current_behavior	xlsx	markdown	xlsx/markdown/xlsx_hidden_sheet_current_behavior.xlsx	xlsx/expected/markdown/xlsx_hidden_sheet_current_behavior.md	
xlsx_markdown_xlsx_hidden_sheets_policy	xlsx	markdown	xlsx/markdown/xlsx_hidden_sheets_policy.xlsx	xlsx/expected/markdown/xlsx_hidden_sheets_policy.md	
xlsx_markdown_xlsx_markdown_sensitive_cells	xlsx	markdown	xlsx/markdown/xlsx_markdown_sensitive_cells.xlsx	xlsx/expected/markdown/xlsx_markdown_sensitive_cells.md	
xlsx_markdown_xlsx_merged_cells_current_policy	xlsx	markdown	xlsx/markdown/xlsx_merged_cells_current_policy.xlsx	xlsx/expected/markdown/xlsx_merged_cells_current_policy.md	
xlsx_markdown_xlsx_merged_cells_policy	xlsx	markdown	xlsx/markdown/xlsx_merged_cells_policy.xlsx	xlsx/expected/markdown/xlsx_merged_cells_policy.md	
xlsx_markdown_xlsx_multi_sheet_mixed	xlsx	markdown	xlsx/markdown/xlsx_multi_sheet_mixed.xlsx	xlsx/expected/markdown/xlsx_multi_sheet_mixed.md	
xlsx_markdown_xlsx_sheet_names_markdown_chars	xlsx	markdown	xlsx/markdown/xlsx_sheet_names_markdown_chars.xlsx	xlsx/expected/markdown/xlsx_sheet_names_markdown_chars.md	
xlsx_markdown_xlsx_sparse_edges	xlsx	markdown	xlsx/markdown/xlsx_sparse_edges.xlsx	xlsx/expected/markdown/xlsx_sparse_edges.md	
xlsx_markdown_xlsx_time_basic	xlsx	markdown	xlsx/markdown/xlsx_time_basic.xlsx	xlsx/expected/markdown/xlsx_time_basic.md	
xlsx_markdown_xlsx_trim_sparse	xlsx	markdown	xlsx/markdown/xlsx_trim_sparse.xlsx	xlsx/expected/markdown/xlsx_trim_sparse.md	
xlsx_markdown_xlsx_typed_cells_matrix	xlsx	markdown	xlsx/markdown/xlsx_typed_cells_matrix.xlsx	xlsx/expected/markdown/xlsx_typed_cells_matrix.md	
xlsx_rag_xlsx_metadata_basic	xlsx	rag	xlsx/rag/xlsx_metadata_basic.xlsx	xlsx/expected/rag/xlsx_metadata_basic.rag.json	
xlsx_rag_xlsx_metadata_formula_or_merged_policy	xlsx	rag	xlsx/rag/xlsx_metadata_formula_or_merged_policy.xlsx	xlsx/expected/rag/xlsx_metadata_formula_or_merged_policy.rag.json	
xlsx_rag_xlsx_metadata_formula_policy_states	xlsx	rag	xlsx/rag/xlsx_metadata_formula_policy_states.xlsx	xlsx/expected/rag/xlsx_metadata_formula_policy_states.rag.json	
xlsx_rag_xlsx_metadata_multi_sheet	xlsx	rag	xlsx/rag/xlsx_metadata_multi_sheet.xlsx	xlsx/expected/rag/xlsx_metadata_multi_sheet.rag.json	
xml_markdown_xml_attributes	xml	markdown	xml/markdown/xml_attributes.xml	xml/expected/markdown/xml_attributes.md	
xml_markdown_xml_backticks	xml	markdown	xml/markdown/xml_backticks.xml	xml/expected/markdown/xml_backticks.md	
xml_markdown_xml_basic	xml	markdown	xml/markdown/xml_basic.xml	xml/expected/markdown/xml_basic.md	
xml_markdown_xml_blank	xml	markdown	xml/markdown/xml_blank.xml	xml/expected/markdown/xml_blank.md	
xml_markdown_xml_bom_utf8	xml	markdown	xml/markdown/xml_bom_utf8.xml	xml/expected/markdown/xml_bom_utf8.md	
xml_markdown_xml_cdata	xml	markdown	xml/markdown/xml_cdata.xml	xml/expected/markdown/xml_cdata.md	
xml_markdown_xml_comments	xml	markdown	xml/markdown/xml_comments.xml	xml/expected/markdown/xml_comments.md	
xml_markdown_xml_crlf	xml	markdown	xml/markdown/xml_crlf.xml	xml/expected/markdown/xml_crlf.md	
xml_markdown_xml_declaration	xml	markdown	xml/markdown/xml_declaration.xml	xml/expected/markdown/xml_declaration.md	
xml_markdown_xml_doctype_entity_literal	xml	markdown	xml/markdown/xml_doctype_entity_literal.xml	xml/expected/markdown/xml_doctype_entity_literal.md	
xml_markdown_xml_entity_refs_literal	xml	markdown	xml/markdown/xml_entity_refs_literal.xml	xml/expected/markdown/xml_entity_refs_literal.md	
xml_markdown_xml_markdown_sensitive_chars	xml	markdown	xml/markdown/xml_markdown_sensitive_chars.xml	xml/expected/markdown/xml_markdown_sensitive_chars.md	
xml_markdown_xml_namespace_syntax	xml	markdown	xml/markdown/xml_namespace_syntax.xml	xml/expected/markdown/xml_namespace_syntax.md	
xml_markdown_xml_nested	xml	markdown	xml/markdown/xml_nested.xml	xml/expected/markdown/xml_nested.md	
xml_markdown_xml_preserve_markdown_like	xml	markdown	xml/markdown/xml_preserve_markdown_like.xml	xml/expected/markdown/xml_preserve_markdown_like.md	
xml_markdown_xml_processing_instruction	xml	markdown	xml/markdown/xml_processing_instruction.xml	xml/expected/markdown/xml_processing_instruction.md	
xml_rag_xml_metadata_basic	xml	rag	xml/rag/xml_metadata_basic.xml	xml/expected/rag/xml_metadata_basic.rag.json	
xml_rag_xml_metadata_multiline	xml	rag	xml/rag/xml_metadata_multiline.xml	xml/expected/rag/xml_metadata_multiline.rag.json	
yaml_markdown_yaml_bom_utf8	yaml	markdown	yaml/markdown/yaml_bom_utf8.yaml	yaml/expected/markdown/yaml_bom_utf8.md	
yaml_markdown_yaml_comments	yaml	markdown	yaml/markdown/yaml_comments.yaml	yaml/expected/markdown/yaml_comments.md	
yaml_markdown_yaml_crlf	yaml	markdown	yaml/markdown/yaml_crlf.yaml	yaml/expected/markdown/yaml_crlf.md	
yaml_markdown_yaml_document_separator	yaml	markdown	yaml/markdown/yaml_document_separator.yaml	yaml/expected/markdown/yaml_document_separator.md	
yaml_markdown_yaml_empty	yaml	markdown	yaml/markdown/yaml_empty.yaml	yaml/expected/markdown/yaml_empty.md	
yaml_markdown_yaml_flow_collections	yaml	markdown	yaml/markdown/yaml_flow_collections.yaml	yaml/expected/markdown/yaml_flow_collections.md	
yaml_markdown_yaml_mapping_basic	yaml	markdown	yaml/markdown/yaml_mapping_basic.yaml	yaml/expected/markdown/yaml_mapping_basic.md	
yaml_markdown_yaml_markdown_chars	yaml	markdown	yaml/markdown/yaml_markdown_chars.yaml	yaml/expected/markdown/yaml_markdown_chars.md	
yaml_markdown_yaml_mixed_sequence	yaml	markdown	yaml/markdown/yaml_mixed_sequence.yaml	yaml/expected/markdown/yaml_mixed_sequence.md	
yaml_markdown_yaml_multiline_scalar	yaml	markdown	yaml/markdown/yaml_multiline_scalar.yaml	yaml/expected/markdown/yaml_multiline_scalar.md	
yaml_markdown_yaml_nested_mapping	yaml	markdown	yaml/markdown/yaml_nested_mapping.yaml	yaml/expected/markdown/yaml_nested_mapping.md	
yaml_markdown_yaml_nested_sequence	yaml	markdown	yaml/markdown/yaml_nested_sequence.yaml	yaml/expected/markdown/yaml_nested_sequence.md	
yaml_markdown_yaml_numbers_booleans_null	yaml	markdown	yaml/markdown/yaml_numbers_booleans_null.yaml	yaml/expected/markdown/yaml_numbers_booleans_null.md	
yaml_markdown_yaml_quoted_strings	yaml	markdown	yaml/markdown/yaml_quoted_strings.yaml	yaml/expected/markdown/yaml_quoted_strings.md	
yaml_markdown_yaml_sequence_mappings_ragged	yaml	markdown	yaml/markdown/yaml_sequence_mappings_ragged.yaml	yaml/expected/markdown/yaml_sequence_mappings_ragged.md	
yaml_markdown_yaml_sequence_mappings_table	yaml	markdown	yaml/markdown/yaml_sequence_mappings_table.yaml	yaml/expected/markdown/yaml_sequence_mappings_table.md	
yaml_markdown_yaml_sequence_objects_table	yaml	markdown	yaml/markdown/yaml_sequence_objects_table.yaml	yaml/expected/markdown/yaml_sequence_objects_table.md	
yaml_markdown_yaml_sequence_scalars	yaml	markdown	yaml/markdown/yaml_sequence_scalars.yaml	yaml/expected/markdown/yaml_sequence_scalars.md	
yaml_markdown_yml_extension_basic	yaml	markdown	yaml/markdown/yml_extension_basic.yml	yaml/expected/markdown/yml_extension_basic.md	
yaml_rag_yaml_mapping_basic	yaml	rag	yaml/rag/yaml_mapping_basic.yaml	yaml/expected/rag/yaml_mapping_basic.rag.json	
yaml_rag_yaml_metadata_basic	yaml	rag	yaml/rag/yaml_metadata_basic.yaml	yaml/expected/rag/yaml_metadata_basic.rag.json	
yaml_rag_yaml_metadata_nested	yaml	rag	yaml/rag/yaml_metadata_nested.yaml	yaml/expected/rag/yaml_metadata_nested.rag.json	
yaml_rag_yaml_metadata_table	yaml	rag	yaml/rag/yaml_metadata_table.yaml	yaml/expected/rag/yaml_metadata_table.rag.json	
yaml_rag_yml_extension_basic	yaml	rag	yaml/rag/yml_extension_basic.yml	yaml/expected/rag/yml_extension_basic.rag.json	
zip_markdown_zip_assets_namespace	zip	markdown	zip/markdown/zip_assets_namespace.zip	zip/expected/markdown/zip_assets_namespace.md	
zip_markdown_zip_basic_structured	zip	markdown	zip/markdown/zip_basic_structured.zip	zip/expected/markdown/zip_basic_structured.md	
zip_markdown_zip_hidden_entries_policy	zip	markdown	zip/markdown/zip_hidden_entries_policy.zip	zip/expected/markdown/zip_hidden_entries_policy.md	
zip_markdown_zip_mixed_supported_entries	zip	markdown	zip/markdown/zip_mixed_supported_entries.zip	zip/expected/markdown/zip_mixed_supported_entries.md	
zip_markdown_zip_nested_archive_boundary	zip	markdown	zip/markdown/zip_nested_archive_boundary.zip	zip/expected/markdown/zip_nested_archive_boundary.md	
zip_markdown_zip_sorted_entries	zip	markdown	zip/markdown/zip_sorted_entries.zip	zip/expected/markdown/zip_sorted_entries.md	
zip_markdown_zip_tsv_structured	zip	markdown	zip/markdown/zip_tsv_structured.zip	zip/expected/markdown/zip_tsv_structured.md	
zip_markdown_zip_unsupported_entries	zip	markdown	zip/markdown/zip_unsupported_entries.zip	zip/expected/markdown/zip_unsupported_entries.md	
zip_rag_zip_metadata_assets	zip	rag	zip/rag/zip_metadata_assets.zip	zip/expected/rag/zip_metadata_assets.rag.json	
zip_rag_zip_metadata_assets_remap	zip	rag	zip/rag/zip_metadata_assets_remap.zip	zip/expected/rag/zip_metadata_assets_remap.rag.json	
zip_rag_zip_metadata_basic	zip	rag	zip/rag/zip_metadata_basic.zip	zip/expected/rag/zip_metadata_basic.rag.json	
zip_rag_zip_metadata_entry_origins	zip	rag	zip/rag/zip_metadata_entry_origins.zip	zip/expected/rag/zip_metadata_entry_origins.rag.json	
zip_rag_zip_metadata_mixed_supported	zip	rag	zip/rag/zip_metadata_mixed_supported.zip	zip/expected/rag/zip_metadata_mixed_supported.rag.json	
zip_rag_zip_metadata_nested_archive_boundary	zip	rag	zip/rag/zip_metadata_nested_archive_boundary.zip	zip/expected/rag/zip_metadata_nested_archive_boundary.rag.json	
zip_rag_zip_metadata_unsupported_entries	zip	rag	zip/rag/zip_metadata_unsupported_entries.zip	zip/expected/rag/zip_metadata_unsupported_entries.rag.json	
zip_assets_zip_duplicate_asset_names	zip	assets	zip/assets/zip_duplicate_asset_names.zip	zip/expected/assets/zip_duplicate_asset_names	
zip_assets_zip_html_local_image	zip	assets	zip/assets/zip_html_local_image.zip	zip/expected/assets/zip_html_local_image	
