time,latitude,longitude,depth,mag,magType,nst,gap,dmin,rms,net,id,updated,place,type,horizontalError,depthError,magError,magNst,status,locationSource,magSource
2026-06-01T10:32:50.126Z,-57.8585,157.7638,10,4.9,mb,28,86,3.432,0.65,us,us7000spti,2026-06-01T10:55:28.040Z,"Macquarie Island region",earthquake,11.56,1.808,0.119,22,reviewed,us,us
2026-06-01T05:16:15.532Z,-18.1208,-178.1836,567.977,5,mb,44,96,2.851,0.93,us,us7000sps9,2026-06-01T05:29:53.040Z,"264 km E of Levuka, Fiji",earthquake,13.46,10.258,0.117,23,reviewed,us,us
2026-06-01T03:40:11.053Z,-35.387,-104.6576,10,5.3,mww,56,137,9.153,0.51,us,us7000sprv,2026-06-01T05:39:48.040Z,"southeast of Easter Island",earthquake,12.85,1.896,0.083,14,reviewed,us,us
2026-06-01T03:34:30.871Z,30.7158,141.7476,11,5.7,mww,114,38,6.086,0.83,us,us7000spru,2026-06-01T05:58:36.310Z,"Izu Islands, Japan region",earthquake,9.51,1.762,0.052,36,reviewed,us,us
2026-06-01T00:08:41.621Z,-57.8645,157.424,10,4.9,mb,32,99,3.479,0.8,us,us7000spra,2026-06-01T02:31:17.040Z,"Macquarie Island region",earthquake,10.47,1.894,0.1,31,reviewed,us,us
2026-05-31T21:52:11.763Z,-32.7963,-71.8152,27.609,4.8,mwr,75,139,0.733,0.64,us,us7000spqh,2026-06-01T00:33:32.040Z,"31 km NNW of Valparaíso, Chile",earthquake,4.38,2.896,0.038,66,reviewed,us,us
2026-05-31T21:46:54.407Z,-32.7215,-71.8986,10,4.9,mb,70,136,0.834,0.77,us,us7000spqg,2026-06-01T00:07:15.374Z,"43 km NW of Valparaíso, Chile",earthquake,4.19,1.816,0.08,49,reviewed,us,us
2026-05-31T21:41:54.861Z,-19.7215,-177.7737,559.645,4.6,mb,64,67,4.217,0.86,us,us7000spqe,2026-05-31T23:53:11.040Z,"Fiji region",earthquake,10.46,5.811,0.06,82,reviewed,us,us
2026-05-31T21:36:42.020Z,14.9181,54.7953,10,4.5,mb,48,62,12.253,0.57,us,us7000spqf,2026-05-31T23:48:37.040Z,"243 km SSE of Şalālah, Oman",earthquake,11.68,1.907,0.087,39,reviewed,us,us
2026-05-31T21:34:18.026Z,-32.8047,-71.8593,25,6,mww,126,64,0.757,0.7,us,us7000spqc,2026-06-01T06:32:33.670Z,"33 km NW of Valparaíso, Chile",earthquake,4.39,1.18,0.047,44,reviewed,us,us
2026-05-31T19:46:48.141Z,26.468,143.6635,10,4.7,mb,70,92,10.524,0.74,us,us7000sppz,2026-05-31T20:10:31.040Z,"Bonin Islands, Japan region",earthquake,11.55,1.878,0.045,153,reviewed,us,us
2026-05-31T19:15:39.818Z,-30.5996,-179.0432,98.548,5,mb,24,126,1.661,0.99,us,us7000sppt,2026-05-31T19:33:36.040Z,"Kermadec Islands region",earthquake,12.43,10.18,0.133,18,reviewed,us,us
2026-05-31T17:14:01.231Z,11.2068,-86.632,35,4.7,mb,70,172,1.326,1.01,us,us7000sppi,2026-05-31T17:40:11.040Z,"65 km SSW of Masachapa, Nicaragua",earthquake,10.45,1.959,0.031,312,reviewed,us,us
2026-05-31T15:03:32.196Z,7.5655,91.8273,10,4.6,mb,25,97,5.592,1.01,us,us7000spp6,2026-05-31T15:30:06.040Z,"Nicobar Islands, India region",earthquake,9.74,1.9,0.158,13,reviewed,us,us
2026-05-31T14:26:39.572Z,27.4636,139.8402,508.465,4.5,mb,67,113,8.088,0.71,us,us7000spp3,2026-05-31T14:49:11.040Z,"Bonin Islands, Japan region",earthquake,11.52,8.434,0.033,276,reviewed,us,us
2026-05-31T12:37:12.170Z,-21.3934,-66.6399,226.05,4.5,mb,74,61,2.107,0.9,us,us7000spnj,2026-05-31T12:54:49.040Z,"66 km SW of Atocha, Bolivia",earthquake,8.54,7.398,0.039,193,reviewed,us,us
2026-05-31T10:51:46.961Z,12.0691,-88.2835,10,4.6,mb,54,152,1.392,1.34,us,us7000spn5,2026-05-31T11:17:58.040Z,"117 km SW of Jiquilillo, Nicaragua",earthquake,10.28,1.937,0.044,153,reviewed,us,us
2026-05-31T05:50:06.141Z,-31.0098,-65.6553,181.915,4.5,mb,31,86,1.317,0.64,us,us7000spmd,2026-05-31T07:54:56.040Z,"48 km S of Castro Barros, Argentina",earthquake,10.32,9.215,0.119,21,reviewed,us,us
2026-05-31T03:57:05.760Z,-24.0984,-179.7084,486.212,5,mb,44,110,5.367,0.69,us,us7000splv,2026-05-31T04:11:29.040Z,"south of the Fiji Islands",earthquake,12.16,8.547,0.107,28,reviewed,us,us
2026-05-31T02:48:01.280Z,-17.3616,167.751,35,5,mb,24,178,1.975,0.76,us,us7000splm,2026-05-31T03:04:02.040Z,"72 km NW of Port-Vila, Vanuatu",earthquake,10.33,1.943,0.126,20,reviewed,us,us
2026-05-31T00:54:00.462Z,62.1963,-26.4033,10,4.9,mww,61,55,3.427,0.76,us,us7000spl8,2026-05-31T01:14:23.040Z,"271 km SW of Grindavík, Iceland",earthquake,8.67,1.868,0.063,24,reviewed,us,us
2026-05-30T22:45:51.647Z,-7.2968,147.4544,68.854,5,mb,61,62,2.115,0.77,us,us7000spkp,2026-05-30T23:23:45.040Z,"81 km SE of Lae, Papua New Guinea",earthquake,8.84,2.02,0.054,108,reviewed,us,us
2026-05-30T21:27:25.699Z,11.9084,-59.1029,35,5.6,mww,90,34,1.306,1.19,us,us7000spkc,2026-05-31T21:54:23.050Z,"137 km SSE of Oistins, Barbados",earthquake,8.18,1.899,0.063,24,reviewed,us,us
2026-05-30T21:15:59.807Z,38.3564,73.8219,131.794,4.9,mb,80,78,1.052,0.94,us,us7000spkb,2026-05-30T21:35:21.040Z,"24 km NNW of Murghob, Tajikistan",earthquake,7.07,6.645,0.043,171,reviewed,us,us
2026-05-30T14:34:14.372Z,43.0767,143.7857,116.722,4.5,mb,52,126,1.158,0.9,us,us7000spjc,2026-05-30T16:28:04.040Z,"26 km SE of Ashoro, Japan",earthquake,7.66,6.684,0.056,94,reviewed,us,us
2026-05-30T14:21:09.256Z,16.3879,119.2212,10,4.6,mb,49,103,6.632,0.68,us,us7000spj5,2026-05-30T14:41:49.040Z,"63 km W of Catuday, Philippines",earthquake,9.33,1.857,0.089,42,reviewed,us,us
2026-05-30T13:15:09.763Z,6.018,126.6311,10,4.6,mb,51,106,1.478,1.35,us,us7000spit,2026-05-30T14:21:57.040Z,"62 km SE of Pondaguitan, Philippines",earthquake,8.57,1.871,0.077,55,reviewed,us,us
2026-05-30T11:06:52.334Z,13.8975,51.7816,10,5,mww,39,61,7.2,0.79,us,us7000spie,2026-06-01T13:35:46.040Z,"195 km NNW of Kilmia, Yemen",earthquake,10.26,1.889,0.083,14,reviewed,us,us
2026-05-30T11:06:11.345Z,12.0087,-88.2604,10,4.8,mb,44,167,1.453,0.94,us,us7000spid,2026-05-30T11:21:25.040Z,"119 km SW of Jiquilillo, Nicaragua",earthquake,10.65,1.955,0.034,266,reviewed,us,us
2026-05-30T05:48:47.991Z,-21.5931,-69.9976,48.474,4.5,mb,55,125,0.288,0.72,us,us7000spha,2026-05-30T06:14:35.040Z,"58 km NNE of Tocopilla, Chile",earthquake,3.86,4.277,0.075,52,reviewed,us,us
2026-05-30T05:48:13.574Z,6.1379,126.802,10,4.6,mb,36,108,1.527,0.81,us,us7000sphm,2026-05-30T07:22:38.040Z,"73 km ESE of Pondaguitan, Philippines",earthquake,11.47,1.898,0.095,33,reviewed,us,us
2026-05-30T00:38:14.852Z,-59.1715,-26.3858,95.738,5,mb,44,97,24.45,0.55,us,us7000spgb,2026-05-30T01:01:41.040Z,"South Sandwich Islands region",earthquake,14.89,3.278,0.086,43,reviewed,us,us
2026-05-30T00:31:42.149Z,11.2287,-62.2793,134.269,4.7,mb,64,40,3.27,0.76,us,us7000spga,2026-05-30T01:25:48.750Z,"72 km N of Güiria, Venezuela",earthquake,9.26,7.672,0.043,162,reviewed,us,us
2026-05-29T23:17:03.497Z,-2.9833,147.7323,10,4.8,mb,43,59,1.003,0.96,us,us7000spg0,2026-05-29T23:54:49.040Z,"116 km SSE of Lorengau, Papua New Guinea",earthquake,6.79,1.871,0.071,62,reviewed,us,us
2026-05-29T22:56:30.843Z,-41.7609,174.4175,16.892,4.5,mb,40,70,0.408,1.37,us,us7000spft,2026-05-30T03:06:22.040Z,"46 km ESE of Witherlea, New Zealand",earthquake,3.5,5.757,0.27,4,reviewed,us,us
2026-05-29T21:21:44.016Z,0.9071,-29.1814,10,5.2,mww,33,94,9.475,1.04,us,us7000spfj,2026-05-29T22:08:34.040Z,"central Mid-Atlantic Ridge",earthquake,10.9,1.885,0.069,20,reviewed,us,us
2026-05-29T16:47:49.386Z,-24.9835,179.7888,499.352,4.6,mb,49,78,4.706,0.88,us,us7000spdj,2026-05-29T17:05:50.040Z,"south of the Fiji Islands",earthquake,12.04,8.317,0.057,93,reviewed,us,us
2026-05-29T16:05:58.630Z,50.0568,159.5123,10,5.2,mb,64,116,3.258,0.8,us,us7000spd9,2026-05-29T16:25:37.040Z,"250 km ESE of Severo-Kuril’sk, Russia",earthquake,9.57,1.873,0.028,427,reviewed,us,us
2026-05-29T14:34:43.967Z,-3.5004,122.3461,10,4.9,mb,21,46,2.992,1.27,us,us7000spb8,2026-05-29T15:01:40.040Z,"56 km NNW of Kendari, Indonesia",earthquake,8.86,1.553,0.169,12,reviewed,us,us
2026-05-29T13:37:13.312Z,43.923,147.967,35,4.6,mb,64,127,3.881,0.61,us,us7000spar,2026-05-29T14:08:07.040Z,"101 km E of Shikotan, Russia",earthquake,10.18,1.916,0.061,81,reviewed,us,us
2026-05-29T12:25:53.648Z,-13.758,-72.4559,99.854,4.8,mb,83,107,4.625,0.6,us,us7000sp99,2026-05-29T12:46:18.040Z,"13 km NNE of Palpacachi, Peru",earthquake,9.64,7.776,0.037,233,reviewed,us,us
2026-05-29T10:04:04.832Z,1.0041,126.1429,59.378,4.7,mb,47,94,6.051,0.61,us,us7000sp8u,2026-05-29T17:22:31.040Z,"122 km ESE of Bitung, Indonesia",earthquake,9.8,7.557,0.084,43,reviewed,us,us
2026-05-29T09:08:47.514Z,-8.1696,-73.9355,197.29,4.5,mb,23,102,4.752,0.76,us,us7000sp8n,2026-05-29T17:26:52.040Z,"70 km ENE of San Fernando, Peru",earthquake,11.5,15.696,0.156,12,reviewed,us,us
2026-05-29T08:54:14.809Z,0.6186,100.052,170.419,4.5,mb,59,43,2.568,0.85,us,us7000sp8m,2026-05-29T11:44:27.040Z,"108 km NNW of Bukittinggi, Indonesia",earthquake,8.28,6.807,0.078,48,reviewed,us,us
2026-05-29T08:15:11.417Z,41.6125,73.9414,10,4.6,mb,79,74,0.38,0.92,us,us7000sp8f,2026-05-29T08:35:33.040Z,"24 km NNW of Kazarman, Kyrgyzstan",earthquake,4.06,1.381,0.06,83,reviewed,us,us
2026-05-29T06:55:52.924Z,42.2295,88.3187,10,5.3,mb,98,54,6.441,1.33,us,us7000sp82,2026-05-29T07:16:30.040Z,"106 km SW of Turpan, China",earthquake,7.22,1.794,0.036,258,reviewed,us,us
2026-05-29T05:32:39.548Z,-18.4158,-71.4602,10,5.1,mb,71,135,1.063,1.65,us,us7000sp7p,2026-05-29T05:52:57.040Z,"86 km S of Pacocha, Peru",earthquake,6.33,1.874,0.031,328,reviewed,us,us
2026-05-29T01:10:59.180Z,2.0401,96.8764,27.75,4.7,mb,70,71,1.012,0.8,us,us7000sp6y,2026-05-29T02:26:20.040Z,"73 km SE of Sinabang, Indonesia",earthquake,8.14,5.223,0.07,63,reviewed,us,us
2026-05-28T20:59:11.905Z,-8.0054,109.0459,81.1,4.6,mb,42,65,1.485,0.67,us,us7000sp6e,2026-05-29T14:47:13.040Z,"31 km S of Cilacap, Indonesia",earthquake,9.12,7.106,0.09,37,reviewed,us,us
2026-05-28T17:57:19.445Z,12.4385,143.5219,36.098,4.7,mb,56,120,3.547,0.61,us,us7000sp4x,2026-05-28T18:35:56.040Z,"154 km SW of Merizo Village, Guam",earthquake,12.35,7.824,0.054,106,reviewed,us,us
2026-05-28T16:18:09.965Z,19.6577,-109.4358,10,5.3,mww,54,190,7.735,1.13,us,us7000sp4a,2026-05-28T16:35:53.040Z,"Revilla Gigedo Islands region",earthquake,9.45,1.94,0.065,23,reviewed,us,us
2026-05-28T15:07:48.099Z,-56.4113,-26.5457,79.985,4.8,mb,38,102,6.059,1.02,us,us7000sp42,2026-05-28T16:37:19.040Z,"South Sandwich Islands region",earthquake,13.52,6.979,0.096,34,reviewed,us,us
2026-05-28T12:35:40.163Z,-6.5891,132.0189,10,4.9,mb,53,40,2.94,1.16,us,us7000sp29,2026-05-28T13:18:12.040Z,"133 km SW of Tual, Indonesia",earthquake,6.9,1.873,0.085,43,reviewed,us,us
2026-05-28T09:41:10.963Z,-20.0493,168.2222,10,4.7,mb,39,68,2.651,0.9,us,us7000sp1m,2026-05-28T10:43:27.040Z,"124 km WSW of Isangel, Vanuatu",earthquake,6.51,1.886,0.11,31,reviewed,us,us
2026-05-28T02:37:50.460Z,33.1393,96.1517,10,4.7,mb,111,47,5.492,0.73,us,us7000snzw,2026-05-28T05:26:32.040Z,"242 km NNW of Qamdo, China",earthquake,8.19,1.856,0.058,89,reviewed,us,us
2026-05-28T01:46:18.726Z,-10.451,124.473,10,5.1,mb,41,72,0.72,1.02,us,us7000snzn,2026-05-28T01:59:46.040Z,"68 km SSE of Soe, Indonesia",earthquake,5.55,1.87,0.088,42,reviewed,us,us
2026-05-28T00:25:21.947Z,51.7852,-175.9331,58.274,5.2,mb,72,135,0.202,0.95,us,us7000snz9,2026-06-01T00:35:25.941Z,"49 km ESE of Adak, Alaska",earthquake,4.86,4.765,0.032,320,reviewed,us,us
2026-05-27T21:37:38.918Z,-58.1685,-26.017,98.847,4.6,mb,45,87,7.014,0.72,us,us7000snyb,2026-05-27T22:18:30.040Z,"South Sandwich Islands region",earthquake,13.29,7.414,0.112,24,reviewed,us,us
2026-05-27T19:09:53.651Z,-18.0405,-176.563,10,5.3,mww,133,123,4.185,0.5,us,us7000snxg,2026-05-28T20:52:28.040Z,"280 km WNW of Neiafu, Tonga",earthquake,11.49,1.8,0.11,8,reviewed,us,us
2026-05-27T17:10:24.351Z,10.5853,-86.1904,33.932,4.5,mb,91,169,1.252,0.54,us,us7000snwp,2026-05-27T17:54:10.040Z,"49 km NW of Tamarindo, Costa Rica",earthquake,5.38,7.988,0.058,86,reviewed,us,us
2026-05-27T15:01:11.567Z,-50.5213,139.3037,10,6,mww,46,68,9.39,0.66,us,us7000snvt,2026-05-28T15:28:36.566Z,"western Indian-Antarctic Ridge",earthquake,10.79,1.878,0.06,27,reviewed,us,us
2026-05-27T14:51:04.419Z,-50.5174,139.3678,10,6,mww,37,96,9.361,0.76,us,us7000snvr,2026-05-28T15:14:24.147Z,"western Indian-Antarctic Ridge",earthquake,11.62,1.927,0.054,33,reviewed,us,us
2026-05-27T12:23:38.505Z,-21.2807,-68.6182,120.567,4.5,mb,23,83,0.775,0.57,us,us7000snvc,2026-05-28T10:59:38.040Z,"38 km W of Ollagüe, Chile",earthquake,6.06,6.858,0.14,15,reviewed,us,us
2026-05-27T11:49:28.286Z,31.3751,140.6955,65.253,4.6,mb,36,103,5.012,0.53,us,us7000snv8,2026-05-28T09:34:46.040Z,"Izu Islands, Japan region",earthquake,11.18,7.77,0.096,32,reviewed,us,us
2026-05-27T09:33:34.993Z,-6.035,147.767,75.852,4.8,mb,54,50,3.401,0.59,us,us7000snup,2026-05-27T09:52:50.040Z,"58 km N of Finschhafen, Papua New Guinea",earthquake,7.08,5.245,0.086,42,reviewed,us,us
2026-05-27T07:38:53.830Z,41.5783,143.6801,38.472,4.6,mb,49,135,0.586,1,us,us7000snud,2026-05-27T08:39:07.040Z,"84 km SSE of Hiroo, Japan",earthquake,7.92,7.818,0.067,66,reviewed,us,us
2026-05-27T06:24:16.451Z,0.4707,125.8106,19.144,5.1,mb,59,64,6.428,1.14,us,us7000sntr,2026-05-27T06:42:21.040Z,"131 km SE of Bitung, Indonesia",earthquake,8.93,4.74,0.069,68,reviewed,us,us
2026-05-27T06:13:09.563Z,51.2318,159.3329,10,4.7,mb,26,122,2.132,0.89,us,us7000sntm,2026-05-27T07:21:56.040Z,"199 km E of Ozernovskiy, Russia",earthquake,10.42,1.904,0.108,26,reviewed,us,us
2026-05-27T05:57:11.165Z,50.8905,178.7464,14.318,4.6,mb,84,187,0.601,1.37,us,us7000sntj,2026-05-27T06:46:32.758Z,"Rat Islands, Aleutian Islands, Alaska",earthquake,5.59,4.914,0.043,160,reviewed,us,us
2026-05-27T05:23:30.376Z,-22.282,-68.7512,102.493,5.1,mww,71,43,0.664,1.4,us,us7000snt8,2026-05-27T14:49:54.040Z,"26 km NE of Calama, Chile",earthquake,3.35,4.668,0.073,18,reviewed,us,us
2026-05-27T04:17:23.496Z,-30.6441,-71.8887,26.205,4.6,mwr,61,147,0.221,1.25,us,us7000snst,2026-05-27T05:01:36.531Z,"66 km W of Ovalle, Chile",earthquake,4.27,4.746,0.038,65,reviewed,us,us
2026-05-27T01:23:41.773Z,-21.3812,-179.4554,614.902,4.5,mb,21,126,4.313,0.5,us,us7000snrw,2026-05-27T01:40:36.040Z,"Fiji region",earthquake,11.62,8.737,0.127,18,reviewed,us,us
2026-05-27T00:41:51.514Z,-23.3064,-69.2215,94.596,4.7,mb,57,65,0.679,0.73,us,us7000snrd,2026-05-27T02:59:38.893Z,"98 km SSW of Calama, Chile",earthquake,4.66,5.782,0.055,104,reviewed,us,us
2026-05-26T20:35:10.456Z,-17.5166,-178.7628,535.844,4.9,mb,54,43,2.064,0.83,us,us7000snps,2026-05-26T21:33:33.040Z,"212 km ENE of Levuka, Fiji",earthquake,13.25,7.994,0.071,62,reviewed,us,us
2026-05-26T20:21:01.985Z,38.8774,141.9779,62.215,4.5,mb,69,139,2.035,0.79,us,us7000snpq,2026-05-26T21:25:26.040Z,"31 km SE of Ōfunato, Japan",earthquake,9.02,7.435,0.075,52,reviewed,us,us
2026-05-26T19:49:07.929Z,4.1454,97.5369,28.219,4.5,mb,34,116,1.226,1.16,us,us7000snpl,2026-05-26T21:09:10.040Z,"59 km SW of Langsa, Indonesia",earthquake,6.52,5.05,0.115,22,reviewed,us,us
2026-05-26T19:25:11.739Z,-17.2705,-174.2097,118.289,5,mb,67,57,4.079,0.77,us,us7000snpf,2026-05-26T23:20:46.317Z,"152 km SSW of Hihifo, Tonga",earthquake,10.06,6.885,0.038,216,reviewed,us,us
2026-05-26T19:12:31.037Z,-17.6654,-172.621,10,5.4,mb,85,41,2.918,0.88,us,us7000snpe,2026-05-27T19:43:00.188Z,"180 km NE of Neiafu, Tonga",earthquake,9.14,1.845,0.033,320,reviewed,us,us
2026-05-26T18:56:36.969Z,13.0008,57.6465,10,5.1,mb,132,55,11.959,0.61,us,us7000snpd,2026-05-26T19:18:16.040Z,"Owen Fracture Zone region",earthquake,9.62,1.84,0.053,115,reviewed,us,us
2026-05-26T16:42:41.637Z,-19.9753,-69.2025,114.848,4.6,mb,29,74,0.171,0.82,us,us7000snnm,2026-05-27T00:53:45.824Z,"59 km E of Huara, Chile",earthquake,5.31,6.927,0.132,17,reviewed,us,us
2026-05-26T16:22:50.365Z,-58.6442,-152.5127,10,5.1,mb,66,55,23.509,0.56,us,us7000sntl,2026-05-27T13:52:00.040Z,"Pacific-Antarctic Ridge",earthquake,13.04,1.793,0.081,50,reviewed,us,us
2026-05-26T14:07:51.354Z,23.7982,94.8304,112.776,4.5,mb,36,68,2.581,0.4,us,us6000t08d,2026-05-26T17:07:05.040Z,"46 km ENE of Mawlaik, Burma (Myanmar)",earthquake,8.91,7.46,0.102,32,reviewed,us,us
2026-05-26T14:05:54.556Z,32.6454,73.2947,33.024,4.6,mb,131,59,5.693,0.6,us,us7000snly,2026-05-26T17:12:01.040Z,"12 km NE of Malakwal City, Pakistan",earthquake,9.08,5.498,0.048,127,reviewed,us,us
2026-05-26T08:39:11.658Z,-8.8676,113.772,35,4.9,mb,35,48,0.545,1.11,us,us6000t06t,2026-05-31T05:26:28.872Z,"66 km SW of Gambiran Satu, Indonesia",earthquake,5.88,1.902,0.11,26,reviewed,us,us
2026-05-26T06:27:45.435Z,51.6034,75.4212,10,4.5,mb,67,34,3.448,0.66,us,us6000t06f,2026-05-26T06:48:57.040Z,"15 km SSE of Ekibastuz, Kazakhstan",earthquake,7.59,1.898,0.064,71,reviewed,us,us
2026-05-26T02:08:03.420Z,-28.3135,-176.5972,10,5.3,mb,57,73,10.165,0.74,us,us6000t05n,2026-05-26T02:27:31.040Z,"Kermadec Islands region",earthquake,9.75,1.863,0.051,129,reviewed,us,us
2026-05-25T23:31:55.698Z,53.37,159.633,79.612,4.6,mb,187,141,1.192,0.62,us,us6000t059,2026-05-26T03:26:03.040Z,"75 km ENE of Petropavlovsk-Kamchatsky, Russia",earthquake,11.52,7.3,0.04,186,reviewed,us,us
2026-05-25T22:03:41.946Z,-4.0316,134.0499,10,4.9,mb,28,117,2.11,0.66,us,us6000t04u,2026-05-26T02:12:01.040Z,"177 km WSW of Nabire, Indonesia",earthquake,10.69,1.915,0.112,27,reviewed,us,us
2026-05-25T22:03:22.702Z,-22.4709,-68.8216,114.776,4.8,mb,23,67,0.732,0.8,us,us6000t04w,2026-05-26T01:53:45.040Z,"10 km E of Calama, Chile",earthquake,3.13,5.664,0.226,7,reviewed,us,us
2026-05-25T21:52:20.043Z,-22.3883,-68.6422,109,6.9,mww,304,24,0.706,0.53,us,us6000t04s,2026-06-01T02:23:21.285Z,"29 km ENE of Calama, Chile",earthquake,5.59,1.833,0.045,48,reviewed,us,us
2026-05-25T20:39:20.664Z,1.1115,126.0911,31.057,5.6,mww,86,41,7.343,0.88,us,us6000t04f,2026-05-26T21:04:18.254Z,"113 km ESE of Bitung, Indonesia",earthquake,9.3,5.068,0.08,15,reviewed,us,us
2026-05-25T18:53:07.146Z,-17.3742,167.783,35,4.7,mb,22,177,1.995,0.52,us,us6000t047,2026-05-27T18:00:18.040Z,"69 km NW of Port-Vila, Vanuatu",earthquake,9.53,1.94,0.13,18,reviewed,us,us
2026-05-25T16:48:12.996Z,-0.139,134.617,10,4.5,mb,27,92,3.637,0.94,us,us6000t03v,2026-05-28T13:32:48.040Z,"100 km NE of Manokwari, Indonesia",earthquake,10.93,1.899,0.136,19,reviewed,us,us
2026-05-25T16:12:57.904Z,-57.9499,-25.7657,131.676,4.9,mb,48,87,19.312,1.03,us,us6000t02k,2026-05-25T16:29:14.040Z,"South Sandwich Islands region",earthquake,12.86,7.467,0.075,57,reviewed,us,us
2026-05-25T15:00:31.611Z,-4.7343,153.126,66.807,5,mb,68,93,1.101,0.78,us,us6000t028,2026-05-25T15:21:05.040Z,"104 km ESE of Kokopo, Papua New Guinea",earthquake,6.29,5.844,0.069,67,reviewed,us,us
2026-05-25T10:23:56.038Z,-7.3309,128.6487,139.214,4.9,mb,89,20,3.057,1.11,us,us6000t019,2026-05-25T10:51:09.040Z,"224 km NE of Lospalos, Timor Leste",earthquake,6.34,4.896,0.062,137,reviewed,us,us
2026-05-25T09:25:39.358Z,-53.4118,25.0096,10,5,mb,30,81,21.237,0.47,us,us6000t015,2026-05-25T09:48:56.040Z,"south of Africa",earthquake,13.28,1.658,0.123,28,reviewed,us,us
2026-05-25T08:14:48.144Z,40.2438,142.3871,49.176,4.8,mb,116,96,1.146,0.9,us,us6000t00y,2026-05-25T08:44:23.040Z,"50 km ENE of Noda, Japan",earthquake,7.61,6.542,0.042,173,reviewed,us,us
2026-05-25T07:57:06.214Z,-10.5608,124.4792,10,4.9,mb,77,78,0.827,1.35,us,us6000t00w,2026-05-25T08:34:33.040Z,"80 km SSE of Soe, Indonesia",earthquake,6.68,1.763,0.078,52,reviewed,us,us
2026-05-25T06:19:25.496Z,-10.4702,124.5489,10,4.7,mb,26,81,0.763,0.35,us,us6000t00p,2026-06-01T06:24:04.040Z,"73 km SSE of Soe, Indonesia",earthquake,8.53,1.897,0.129,18,reviewed,us,us
2026-05-25T05:18:12.564Z,51.9783,-170.9114,36.336,4.8,mb,61,173,1.604,1.2,us,us6000t009,2026-05-28T07:34:57.894Z,"175 km SW of Nikolski, Alaska",earthquake,8.7,8.19,0.03,356,reviewed,us,us
2026-05-25T02:32:38.428Z,8.0315,126.9336,35,5,mb,46,97,1.648,1.12,us,us6000szzw,2026-05-25T03:44:05.419Z,"54 km E of Santa Maria, Philippines",earthquake,9.59,1.914,0.051,121,reviewed,us,us
2026-05-24T19:15:08.076Z,-42.1536,88.5303,10,4.6,mb,37,68,29.02,0.85,us,us7000sntn,2026-05-31T15:19:27.040Z,"southeast Indian Ridge",earthquake,13.59,1.896,0.096,32,reviewed,us,us
2026-05-24T16:48:41.017Z,9.2997,126.2839,34,5.5,mww,100,57,2.323,1,us,us6000szxz,2026-05-30T20:04:27.736Z,"10 km ENE of Cortes, Philippines",earthquake,6.77,1.639,0.052,36,reviewed,us,us
2026-05-24T15:33:13.667Z,1.0225,126.0429,49.166,4.9,mb,58,66,6.025,0.78,us,us6000szxs,2026-05-30T19:29:35.040Z,"111 km ESE of Bitung, Indonesia",earthquake,9.16,6.821,0.054,111,reviewed,us,us
2026-05-24T15:17:19.687Z,13.0965,145.0207,63.847,4.6,mb,36,77,0.512,0.63,us,us7000spcn,2026-05-30T19:25:04.040Z,"35 km ESE of Inarajan Village, Guam",earthquake,4.87,6.753,0.054,102,reviewed,us,us
2026-05-24T13:19:59.872Z,-22.6678,-177.1182,203.009,4.7,mb,35,167,6.674,0.65,us,us6000szxi,2026-05-30T18:57:02.040Z,"250 km SW of Houma, Tonga",earthquake,14.7,8.627,0.104,29,reviewed,us,us
2026-05-24T13:19:05.760Z,9.1379,126.5217,53.181,5.1,mb,82,69,2.257,0.98,us,us6000szxh,2026-05-30T18:52:24.699Z,"33 km ENE of La Paz, Philippines",earthquake,9.16,4.67,0.043,173,reviewed,us,us
2026-05-24T09:45:22.415Z,51.8635,-170.4872,10,4.5,mb,46,177,1.494,0.92,us,us6000szwl,2026-05-24T18:24:10.968Z,"162 km SW of Nikolski, Alaska",earthquake,6.25,1.943,0.046,140,reviewed,us,us
2026-05-24T08:24:15.305Z,9.1382,126.5366,9.887,4.6,mb,31,115,2.263,1.14,us,us7000spci,2026-05-31T09:30:18.040Z,"34 km ENE of La Paz, Philippines",earthquake,13.75,4.438,0.114,23,reviewed,us,us
2026-05-24T06:51:34.656Z,43.1143,146.4462,66.012,4.5,mb,65,135,2.666,0.55,us,us6000szw2,2026-05-31T09:09:36.040Z,"74 km ESE of Nemuro, Japan",earthquake,11.27,7.607,0.05,116,reviewed,us,us
2026-05-24T06:01:25.110Z,-6.3105,130.1581,152.132,4.5,mb,13,142,1.794,1.19,us,us6000szvr,2026-05-31T08:55:45.040Z,"296 km WSW of Tual, Indonesia",earthquake,14.81,9.607,0.171,10,reviewed,us,us
2026-05-24T04:14:55.904Z,-39.5976,-74.0895,22.083,4.6,mb,34,145,0.584,0.83,us,us6000szvg,2026-05-24T04:55:58.569Z,"64 km WNW of Corral, Chile",earthquake,5.33,6.581,0.146,14,reviewed,us,us
2026-05-24T01:26:53.012Z,37.7964,36.1699,10,4.9,mww,52,43,0.257,0.94,us,us6000szud,2026-05-24T06:18:44.065Z,"22 km SSE of Saimbeyli, Turkey",earthquake,4.78,1.875,0.059,28,reviewed,us,us
2026-05-23T23:54:28.139Z,-14.9082,-172.9897,10,4.9,mb,29,64,1.535,0.93,us,us6000szu1,2026-05-24T00:31:45.040Z,"141 km SSW of Gataivai, Samoa",earthquake,7.23,0.975,0.067,69,reviewed,us,us
2026-05-23T21:49:16.864Z,51.7344,-170.3491,7.153,5.3,mww,107,143,1.122,1.33,us,us6000szt5,2026-05-31T21:59:27.198Z,"168 km SW of Nikolski, Alaska",earthquake,3.16,4.9,0.052,35,reviewed,us,us
2026-05-23T19:19:06.591Z,-35.7227,-104.9819,10,5.3,mww,50,76,9.339,0.89,us,us6000szx2,2026-05-31T14:14:23.040Z,"southeast of Easter Island",earthquake,13.84,1.879,0.071,19,reviewed,us,us
2026-05-23T15:50:15.072Z,-19.4597,-177.7149,569.746,4.5,mb,68,95,4.061,0.6,us,us6000szrb,2026-05-23T16:39:48.040Z,"Fiji region",earthquake,13.29,8.303,0.065,70,reviewed,us,us
2026-05-23T15:25:37.208Z,-38.0567,179.3578,10,4.6,mb,28,153,0.968,0.54,us,us6000szr3,2026-05-23T19:15:27.040Z,"106 km ESE of Hicks Bay, New Zealand",earthquake,7.01,1.897,0.141,17,reviewed,us,us
2026-05-23T15:07:59.419Z,-20.045,169.5855,117.274,4.9,mb,76,122,3.241,0.96,us,us6000szr9,2026-05-23T18:50:30.040Z,"64 km SSE of Isangel, Vanuatu",earthquake,9.09,7.65,0.064,77,reviewed,us,us
2026-05-23T14:11:16.177Z,1.5788,127.3672,143.03,4.8,mb,89,68,5.738,0.58,us,us6000szqs,2026-05-23T14:29:36.040Z,"73 km WSW of Tobelo, Indonesia",earthquake,8.61,6.385,0.055,27,reviewed,us,us
2026-05-23T13:34:13.720Z,35.4916,26.5678,10,4.6,mww,142,38,0.487,0.68,us,us6000szqj,2026-05-23T17:24:06.040Z,"33 km WNW of Fry, Greece",earthquake,4.92,1.829,0.093,11,reviewed,us,us
2026-05-23T12:40:28.190Z,-4.5338,102.7044,68.472,5.3,mb,87,61,2.567,0.73,us,us6000szq3,2026-05-31T08:32:08.040Z,"82 km SW of Pagar Alam, Indonesia",earthquake,8.63,6.642,0.051,128,reviewed,us,us
2026-05-23T09:03:06.406Z,52.1389,-169.2425,10,4.9,mb,90,130,0.712,1.1,us,us6000szp8,2026-05-31T06:45:57.040Z,"92 km SSW of Nikolski, Alaska",earthquake,4.78,1.843,0.032,299,reviewed,us,us
2026-05-23T08:44:52.286Z,-2.6369,-77.5345,114.619,4.5,mb,84,100,1.237,0.67,us,us6000szp0,2026-05-23T12:59:34.040Z,"73 km ESE of Sucúa, Ecuador",earthquake,8.79,8.041,0.042,162,reviewed,us,us
2026-05-23T07:46:01.480Z,19.340333333333,-155.8425,22.64,5.96,ml,60,178,0.1687,0.13,hv,hv74966427,2026-06-01T07:56:05.395Z,"13 km S of Honaunau-Napoopoo, Hawaii",earthquake,0.4,0.77,0.15475175074128,46,reviewed,hv,hv
2026-05-23T05:41:34.889Z,-47.488,99.9967,10,5.7,mww,52,71,19.554,0.44,us,us6000szmu,2026-05-26T14:13:19.824Z,"southeast Indian Ridge",earthquake,12.24,1.884,0.098,10,reviewed,us,us
2026-05-22T23:39:09.408Z,17.1707,-46.5003,10,4.5,mb,37,165,14.525,0.37,us,us6000sznd,2026-05-23T07:27:13.040Z,"northern Mid-Atlantic Ridge",earthquake,14.39,1.942,0.099,30,reviewed,us,us
2026-05-22T19:32:14.976Z,-6.6762,147.4047,70.06,4.8,mb,29,87,2.722,0.74,us,us6000szk6,2026-05-22T21:38:53.040Z,"45 km E of Lae, Papua New Guinea",earthquake,8.07,5.821,0.134,22,reviewed,us,us
2026-05-22T19:30:38.517Z,-10.7482,164.3652,10,5.3,mww,227,25,4.54,0.62,us,us6000szk5,2026-05-26T14:00:59.621Z,"156 km W of Lata, Solomon Islands",earthquake,9.08,1.732,0.063,24,reviewed,us,us
2026-05-22T17:16:27.418Z,33.5016,90.2756,10,5,mb,95,56,11.311,0.63,us,us6000szjs,2026-05-30T16:47:21.040Z,"280 km NW of Nagqu, China",earthquake,8.62,1.802,0.047,149,reviewed,us,us
2026-05-22T16:53:58.397Z,40.2879,142.2534,62.004,4.6,mb,61,134,1.035,0.52,us,us6000szjp,2026-05-30T16:59:25.040Z,"42 km ENE of Noda, Japan",earthquake,5.32,6.885,0.064,73,reviewed,us,us
2026-05-22T12:46:12.868Z,52.3981,-171.8188,10,4.5,mb,107,167,1.474,0.79,us,us6000szgr,2026-05-22T17:17:32.117Z,"164 km E of Atka, Alaska",earthquake,6.96,1.913,0.039,194,reviewed,us,us
2026-05-22T12:16:14.095Z,52.5074,-171.7064,14.926,5.6,mww,87,79,1.091,1.1,us,us6000szgm,2026-06-01T12:26:15.604Z,"173 km E of Atka, Alaska",earthquake,5.34,1.804,0.041,58,reviewed,us,us
2026-05-22T10:08:19.139Z,-2.857,147.713,10,5.7,mww,41,54,0.879,0.69,us,us6000szgb,2026-05-27T17:47:34.040Z,"103 km SSE of Lorengau, Papua New Guinea",earthquake,5.7,1.881,0.098,10,reviewed,us,us
2026-05-22T09:20:03.617Z,8.8755,-83.3957,38.248,4.5,mb,46,159,0.412,0.75,us,us6000szg7,2026-05-22T20:02:35.201Z,"17 km SE of Puerto Cortés, Costa Rica",earthquake,5.94,3.471,0.086,40,reviewed,us,us
2026-05-22T08:04:22.876Z,-61.5564,153.8726,10,4.8,mb,18,128,16.248,1.04,us,us6000szfp,2026-05-30T11:05:26.040Z,"Balleny Islands region",earthquake,15.42,1.958,0.135,17,reviewed,us,us
2026-05-22T06:33:37.455Z,51.9382,-169.1042,10,4.7,mb,92,175,1.047,1.32,us,us6000szfd,2026-05-22T12:55:15.502Z,"112 km S of Nikolski, Alaska",earthquake,6.9,1.613,0.045,150,reviewed,us,us
2026-05-22T01:06:52.610Z,16.5273,-46.6299,10,5.1,mww,77,62,12.787,0.58,us,us6000sze1,2026-05-22T05:11:41.040Z,"northern Mid-Atlantic Ridge",earthquake,9.87,1.858,0.063,24,reviewed,us,us
2026-05-22T01:05:08.540Z,1.0433,126.067,35,5.9,mww,162,24,6.006,0.79,us,us6000szdy,2026-05-23T13:08:15.955Z,"113 km ESE of Bitung, Indonesia",earthquake,8.32,1.817,0.075,17,reviewed,us,us
2026-05-21T16:45:56.957Z,5.6419,126.7834,135.715,4.7,mb,46,119,1.856,0.8,us,us6000szad,2026-05-28T19:06:50.040Z,"104 km SE of Pondaguitan, Philippines",earthquake,7.64,5.068,0.101,31,reviewed,us,us
2026-05-21T09:56:26.003Z,27.2034,55.6594,10,4.9,mb,69,75,2.301,0.82,us,us6000sz6i,2026-05-21T10:45:29.040Z,"61 km W of Bandar Abbas, Iran",earthquake,8.24,1.856,0.055,106,reviewed,us,us
2026-05-21T08:37:03.029Z,-56.0321,-27.6265,108.46,4.7,mb,42,94,5.374,0.95,us,us6000sz6d,2026-05-30T10:12:28.040Z,"South Sandwich Islands region",earthquake,12.38,8.273,0.086,41,reviewed,us,us
2026-05-21T06:06:58.169Z,-10.0788,161.0563,10,4.7,mb,38,86,1.265,1.06,us,us6000szn6,2026-05-30T09:37:36.040Z,"103 km WNW of Kirakira, Solomon Islands",earthquake,7.52,1.66,0.104,28,reviewed,us,us
2026-05-21T04:11:58.486Z,-33.3927,-109.1318,10,4.6,mb,42,157,6.217,0.55,us,us6000szn4,2026-05-23T06:47:33.040Z,"southern East Pacific Rise",earthquake,15.05,1.921,0.09,37,reviewed,us,us
2026-05-21T00:16:59.011Z,-27.7705,-176.3211,10,4.6,mb,8,258,2.04,0.65,us,us7000sp2l,2026-05-29T00:19:15.040Z,"Kermadec Islands region",earthquake,8.91,1.964,0.207,7,reviewed,us,us
2026-05-20T23:12:56.417Z,-6.1047,130.4649,121.871,4.9,mb,30,97,1.668,0.62,us,us6000sz43,2026-05-20T23:28:11.040Z,"258 km WSW of Tual, Indonesia",earthquake,8.57,6.685,0.108,27,reviewed,us,us
2026-05-20T23:01:01.063Z,-56.1584,-28.1034,137.015,5.7,mww,112,18,5.154,0.99,us,us6000sz3x,2026-05-21T23:27:52.760Z,"South Sandwich Islands region",earthquake,9.54,4.763,0.071,19,reviewed,us,us
2026-05-20T21:33:46.319Z,-57.0566,-25.0426,10,4.6,mb,33,110,7.044,0.63,us,us7000snne,2026-05-27T01:12:34.040Z,"South Sandwich Islands region",earthquake,13.54,1.932,0.097,32,reviewed,us,us
2026-05-20T18:36:39.632Z,-54.7454,-118.6623,10,5,mb,54,93,27.471,0.74,us,us6000sz1t,2026-05-21T15:21:36.040Z,"southern East Pacific Rise",earthquake,15.28,1.909,0.071,63,reviewed,us,us
2026-05-20T17:43:01.910Z,-55.984,-122.2988,10,6.6,mww,226,42,27.49,0.84,us,us6000sz1d,2026-05-21T18:12:25.066Z,"southern East Pacific Rise",earthquake,10.6,1.716,0.049,40,reviewed,us,us
2026-05-20T16:53:34.093Z,-19.4154,169.4819,260.004,4.5,mb,88,59,3.706,0.81,us,us6000sz0k,2026-05-20T19:14:43.040Z,"25 km ENE of Isangel, Vanuatu",earthquake,8.9,5.671,0.071,59,reviewed,us,us
2026-05-20T13:51:40.023Z,-20.8027,-178.5997,590.274,4.5,mb,51,138,4.387,0.67,us,us6000syyi,2026-05-20T16:02:34.040Z,"Fiji region",earthquake,14.53,8.486,0.068,62,reviewed,us,us
2026-05-20T12:48:57.091Z,1.2853,126.3051,53.852,4.6,mb,42,98,6.798,0.74,us,us6000syyd,2026-05-20T13:11:46.040Z,"131 km WNW of Ternate, Indonesia",earthquake,11.49,7.49,0.092,35,reviewed,us,us
2026-05-20T12:25:35.650Z,23.2439,121.4465,24.62,4.9,mb,62,65,0.202,0.73,us,us6000syy7,2026-05-20T13:35:37.040Z,"82 km S of Hualien City, Taiwan",earthquake,3.54,4.959,0.074,57,reviewed,us,us
2026-05-20T10:28:49.290Z,-8.2248,119.2187,10,5.2,mb,57,46,3.233,0.54,us,us6000syy1,2026-05-20T10:44:23.040Z,"45 km NE of Sape, Indonesia",earthquake,6.4,1.54,0.089,41,reviewed,us,us
2026-05-20T09:40:32.226Z,-17.312,175.9863,10,5.1,mb,29,105,2.018,0.66,us,us6000syxz,2026-05-20T10:10:38.040Z,"159 km WNW of Lautoka, Fiji",earthquake,6.82,1.904,0.058,96,reviewed,us,us
2026-05-20T08:06:34.756Z,41.3154,83.5113,10,4.5,mb,36,103,3.24,1.05,us,us6000syxi,2026-05-21T07:20:47.040Z,"65 km SE of Kuqa, China",earthquake,7.96,1.936,0.14,15,reviewed,us,us
2026-05-20T06:00:16.653Z,38.2157,38.6061,10,5.4,mww,107,21,0.574,0.94,us,us6000syx6,2026-05-21T06:32:56.833Z,"19 km N of Sincik, Turkey",earthquake,4.69,1.312,0.06,27,reviewed,us,us
2026-05-20T02:46:24.884Z,27.392,128.7336,42,5.9,mww,109,19,0.69,1.28,us,us6000syw4,2026-05-21T03:12:30.258Z,"8 km E of Wadomari, Japan",earthquake,5.48,1.878,0.048,41,reviewed,us,us
2026-05-20T02:46:19.106Z,-41.3229,-89.5644,10,5,mww,19,156,14.368,1.23,us,us6000syx0,2026-05-22T00:22:08.040Z,"southeast of Easter Island",earthquake,11.4,1.929,0.066,22,reviewed,us,us
2026-05-20T02:34:06.578Z,-28.2623,-66.1482,10,4.5,mb,33,105,3.833,1.3,us,us6000syvz,2026-05-20T03:59:17.040Z,"6 km N of Mutquín, Argentina",earthquake,10.11,1.919,0.171,10,reviewed,us,us
2026-05-20T02:32:49.773Z,-16.0035,-176.2457,366.816,4.5,mb,30,115,4.237,0.51,us,us6000syw1,2026-05-20T03:39:19.040Z,"262 km W of Hihifo, Tonga",earthquake,13.62,7.319,0.045,145,reviewed,us,us
2026-05-20T02:26:50.846Z,10.0039,125.8249,79.634,4.7,mb,33,133,2.925,0.79,us,us6000syw0,2026-05-20T06:21:51.942Z,"19 km ENE of Cagdianao, Philippines",earthquake,13.95,8.132,0.067,68,reviewed,us,us
2026-05-20T02:03:24.812Z,2.3041,96.2647,10,4.6,mb,20,199,1.644,1,us,us6000syw5,2026-05-20T03:29:31.040Z,"23 km SSW of Sinabang, Indonesia",earthquake,7.7,1.958,0.152,13,reviewed,us,us
2026-05-19T23:40:10.001Z,27.2446,55.8114,10,4.7,mb,99,63,2.317,0.5,us,us6000syve,2026-05-26T23:52:28.040Z,"46 km W of Bandar Abbas, Iran",earthquake,10.02,1.87,0.058,89,reviewed,us,us
2026-05-19T23:11:56.183Z,36.3152,137.077,262.065,4.5,mb,65,86,0.744,0.48,us,us6000syva,2026-05-26T23:47:14.040Z,"25 km NW of Takayama, Japan",earthquake,9.02,6.445,0.041,177,reviewed,us,us
2026-05-19T20:40:43.474Z,40.2711,63.0858,10,5,mww,114,67,3.548,0.6,us,us6000syu7,2026-05-19T21:49:52.680Z,"35 km WNW of Gazli, Uzbekistan",earthquake,8,1.831,0.066,22,reviewed,us,us
2026-05-19T19:32:53.646Z,1.9254,128.2184,104.217,4.5,mb,75,93,6.276,0.79,us,us6000sytr,2026-05-19T21:15:13.040Z,"31 km NE of Tobelo, Indonesia",earthquake,12.78,7.017,0.069,62,reviewed,us,us
2026-05-19T17:57:54.220Z,-14.2075,-75.5167,56.53,5.8,mww,148,48,2.557,0.6,us,us6000syt5,2026-05-21T05:55:35.006Z,"20 km ESE of Pampa de Tate, Peru",earthquake,8.11,4.313,0.055,32,reviewed,us,us
2026-05-19T17:42:56.204Z,38.1246,68.9833,10,4.5,mb,61,103,2.2,0.92,us,us6000syt3,2026-05-20T04:25:07.693Z,"21 km SSW of Yovon, Tajikistan",earthquake,8.34,1.883,0.081,44,reviewed,us,us
2026-05-19T14:18:39.445Z,-17.8472,168.2588,62.148,4.8,mww,79,125,2.592,0.81,us,us6000syr2,2026-05-19T21:33:33.878Z,"13 km SSW of Port-Vila, Vanuatu",earthquake,4.64,6.783,0.093,11,reviewed,us,us
2026-05-19T14:17:32.447Z,12.6047,-88.1992,64.898,4.7,mb,217,139,0.868,0.62,us,us6000syr1,2026-05-19T18:10:58.040Z,"67 km SSW of Intipucá, El Salvador",earthquake,6.42,5.747,0.033,273,reviewed,us,us
2026-05-19T13:20:24.077Z,-6.1852,150.471,60.428,4.7,mb,23,118,2.601,0.57,us,us6000syqy,2026-05-19T16:29:29.040Z,"79 km SSE of Kimbe, Papua New Guinea",earthquake,9.37,9.298,0.142,15,reviewed,us,us
2026-05-19T11:50:29.210Z,33.9648,47.7538,10,4.8,mb,76,87,2.034,0.65,us,us6000syqi,2026-05-19T12:45:03.040Z,"23 km WSW of Nūrābād, Iran",earthquake,6.57,1.864,0.061,84,reviewed,us,us
2026-05-19T11:41:24.324Z,64.743,-156.039,13.5,4.8,ml,166,33,0.4,1,ak,aka2026jvukrx,2026-05-19T20:38:54.965Z,"26 km W of Ruby, Alaska",earthquake,2.3,2.4422,0.2,111,reviewed,ak,ak
2026-05-19T10:23:35.881Z,40.883,142.4521,70.49,4.5,mb,75,130,1.057,0.71,us,us6000syq4,2026-05-19T13:27:36.040Z,"91 km ENE of Hachinohe, Japan",earthquake,7.23,6.614,0.07,60,reviewed,us,us
2026-05-19T09:58:03.191Z,-22.0278,-179.4962,589.802,4.6,mb,67,54,4.845,0.83,us,us6000sypz,2026-05-19T13:52:20.040Z,"south of the Fiji Islands",earthquake,12.63,8.75,0.064,72,reviewed,us,us
2026-05-19T03:17:03.782Z,-17.7595,-178.7166,564.728,4.6,mb,50,79,2.23,0.73,us,us6000syp2,2026-05-19T03:34:33.040Z,"211 km E of Levuka, Fiji",earthquake,12.76,7.896,0.031,315,reviewed,us,us
2026-05-19T02:53:53.724Z,-10.2484,161.1887,81.553,4.8,mb,28,79,1.464,0.52,us,us6000synu,2026-05-19T03:09:00.040Z,"83 km WNW of Kirakira, Solomon Islands",earthquake,10.43,6.091,0.087,41,reviewed,us,us
2026-05-19T02:29:24.366Z,-18.1511,168.0931,27,5.7,mww,127,27,2.821,0.75,us,us6000synm,2026-05-20T02:50:18.694Z,"51 km SSW of Port-Vila, Vanuatu",earthquake,7.16,1.805,0.054,33,reviewed,us,us
2026-05-18T21:37:20.028Z,52.488,-171.7577,10,4.9,mww,92,88,1.127,0.62,us,us6000sym0,2026-05-26T22:22:48.532Z,"169 km E of Atka, Alaska",earthquake,5.56,1.772,0.073,18,reviewed,us,us
2026-05-18T18:50:00.193Z,-54.2575,-1.2453,10,5.3,mb,64,67,18.81,0.54,us,us6000sykw,2026-05-28T15:37:44.040Z,"Bouvet Island region",earthquake,10.57,1.828,0.072,64,reviewed,us,us
2026-05-18T17:04:28.767Z,39.7924,143.4021,17.078,4.6,mb,64,134,2.046,0.79,us,us6000syk9,2026-05-28T15:25:08.040Z,"126 km E of Miyako, Japan",earthquake,8.5,5.16,0.074,55,reviewed,us,us
2026-05-18T13:44:26.116Z,24.4943,109.2738,10,5.1,mww,138,20,5.464,0.61,us,us6000syik,2026-06-01T14:30:54.728Z,"23 km NW of Liuzhou, China",earthquake,6.91,1.722,0.046,46,reviewed,us,us
2026-05-18T08:48:06.071Z,-20.4733,-70.1945,85.183,4.7,mb,67,139,0.21,0.5,us,us6000syhg,2026-05-19T18:17:53.396Z,"22 km SSW of La Tirana, Chile",earthquake,6.48,4.184,0.058,90,reviewed,us,us
2026-05-18T07:34:30.448Z,-28.5299,74.2599,10,5.2,mb,49,70,13.225,0.4,us,us6000syh2,2026-05-18T07:55:29.040Z,"Mid-Indian Ridge",earthquake,11.53,1.848,0.084,47,reviewed,us,us
2026-05-18T02:10:41.745Z,-43.4009,-82.4593,10,5.4,mww,67,103,6.657,1.41,us,us6000syg1,2026-05-19T02:34:18.540Z,"West Chile Rise",earthquake,10.13,1.875,0.056,31,reviewed,us,us
2026-05-18T02:05:24.327Z,16.4431,96.3164,10,5.2,mww,79,59,3.209,0.81,us,us6000syg0,2026-05-29T11:58:49.014Z,"36 km SSE of Syriam, Burma (Myanmar)",earthquake,7.16,1.846,0.075,17,reviewed,us,us
2026-05-17T23:38:30.777Z,-22.4843,-66.2438,255.647,4.5,mb,38,66,1.846,0.83,us,us6000syfr,2026-05-24T23:17:11.040Z,"62 km WNW of Abra Pampa, Argentina",earthquake,8.83,7.377,0.099,30,reviewed,us,us
2026-05-17T23:23:57.246Z,24.6105,123.8879,10,4.5,mb,47,66,0.391,0.85,us,us6000szjf,2026-05-24T23:12:57.040Z,"40 km NW of Ishigaki, Japan",earthquake,3.74,1.891,0.111,24,reviewed,us,us
2026-05-17T23:21:20.982Z,24.4759,123.8664,10,4.6,mb,51,60,0.349,0.6,us,us6000syfn,2026-05-24T23:05:13.040Z,"32 km WNW of Ishigaki, Japan",earthquake,3.77,1.826,0.103,28,reviewed,us,us
2026-05-17T22:58:34.065Z,-6.4262,147.5801,77.166,5,mb,84,27,2.988,0.58,us,us6000syfk,2026-05-24T22:46:03.040Z,"32 km WNW of Finschhafen, Papua New Guinea",earthquake,6.15,4.959,0.063,82,reviewed,us,us
2026-05-17T20:52:01.831Z,-6.3057,151.6745,10,4.8,mb,51,150,2.156,0.98,us,us6000syex,2026-05-24T18:38:02.040Z,"189 km ESE of Kimbe, Papua New Guinea",earthquake,9.37,1.901,0.086,42,reviewed,us,us
2026-05-17T16:21:06.227Z,24.4472,109.2486,10,5,mww,71,54,5.42,1,us,us6000sye4,2026-05-30T13:08:40.040Z,"21 km NW of Liuzhou, China",earthquake,7.56,1.768,0.061,26,reviewed,us,us
2026-05-17T13:28:25.625Z,-23.357,-66.6786,200.885,4.5,mb,57,62,1.438,0.89,us,us6000sydk,2026-05-23T13:40:19.040Z,"102 km NNW of San Antonio de los Cobres, Argentina",earthquake,8.36,7.347,0.052,109,reviewed,us,us
2026-05-17T13:16:27.182Z,-18.5858,-175.6317,275.124,4.5,mb,40,123,6.062,0.69,us,us6000sydj,2026-05-23T13:32:37.040Z,"174 km W of Neiafu, Tonga",earthquake,14.66,8.121,0.054,101,reviewed,us,us
2026-05-17T09:38:20.685Z,11.0493,95.1108,10,4.6,mb,42,142,4.798,0.45,us,us6000syd2,2026-05-17T11:25:14.027Z,"266 km ESE of Port Blair, India",earthquake,10.43,1.89,0.096,32,reviewed,us,us
2026-05-17T08:04:17.327Z,50.7292,157.3884,44,5.4,mww,107,113,2.39,0.98,us,us6000syc2,2026-05-26T14:23:35.995Z,"89 km E of Severo-Kuril’sk, Russia",earthquake,10.03,1.944,0.065,23,reviewed,us,us
2026-05-17T07:51:56.759Z,-2.9481,147.7111,10,5,mb,63,62,0.963,0.79,us,us6000syby,2026-05-26T06:54:15.040Z,"112 km SSE of Lorengau, Papua New Guinea",earthquake,8.65,1.873,0.065,76,reviewed,us,us
2026-05-17T03:20:37.916Z,-39.6956,178.891,10,4.5,mb,31,192,1.597,1.1,us,us6000sybb,2026-05-17T03:53:12.040Z,"132 km SSE of Wainui, New Zealand",earthquake,4.85,1.962,0.145,14,reviewed,us,us
2026-05-17T01:35:32.854Z,-23.6354,-67.7526,144.148,4.5,mb,31,80,0.785,0.82,us,us6000syb1,2026-05-17T01:49:52.040Z,"92 km SSE of San Pedro de Atacama, Chile",earthquake,6.41,6.674,0.102,28,reviewed,us,us
2026-05-17T00:07:28.641Z,39.9154,142.9166,35,4.8,mww,87,121,1.663,0.66,us,us6000syak,2026-06-01T04:23:41.040Z,"88 km ENE of Miyako, Japan",earthquake,5.93,1.871,0.11,8,reviewed,us,us
2026-05-16T23:13:24.174Z,-15.4386,169.6932,10,4.7,mb,15,151,2.401,0.56,us,us6000szi2,2026-06-01T03:20:06.040Z,"254 km ENE of Lakatoro, Vanuatu",earthquake,6.28,1.965,0.174,10,reviewed,us,us
2026-05-16T21:18:02.350Z,-17.8762,169.2322,10,4.6,mb,15,213,3.101,0.5,us,us6000szhy,2026-05-30T03:33:47.040Z,"98 km E of Port-Vila, Vanuatu",earthquake,11.47,1.984,0.173,10,reviewed,us,us
2026-05-16T21:16:16.654Z,13.0167,93.7021,96.882,4.7,mb,72,51,5.967,0.75,us,us6000sy9z,2026-05-31T23:52:37.040Z,"180 km NE of Bamboo Flat, India",earthquake,8.97,5.923,0.062,80,reviewed,us,us
2026-05-16T15:59:41.340Z,2.202,-101.0566,10,4.6,mb,180,84,16.518,0.54,us,us6000syh3,2026-05-19T15:37:30.040Z,"Galapagos Triple Junction region",earthquake,5.26,1.853,0.04,183,reviewed,us,us
2026-05-16T15:58:04.517Z,-17.9035,169.0942,10,5.5,mww,117,38,3.041,0.57,us,us6000sy90,2026-05-19T22:28:29.757Z,"84 km ESE of Port-Vila, Vanuatu",earthquake,5.66,1.758,0.05,38,reviewed,us,us
2026-05-16T15:47:21.251Z,-18.31,-175.3186,210.799,4.7,mb,97,58,5.167,0.77,us,us6000sy8y,2026-05-16T16:37:28.040Z,"145 km WNW of Neiafu, Tonga",earthquake,9.14,7.22,0.042,169,reviewed,us,us
2026-05-16T15:35:20.974Z,-17.8828,168.8619,10,4.9,mb,30,156,2.897,0.56,us,us6000sy8u,2026-05-16T16:27:10.040Z,"60 km ESE of Port-Vila, Vanuatu",earthquake,8.67,1.928,0.112,25,reviewed,us,us
2026-05-16T15:17:58.214Z,-8.5885,160.8774,37.762,5.7,mww,188,27,1.248,0.73,us,us6000sy8k,2026-05-19T22:19:20.142Z,"27 km NE of Auki, Solomon Islands",earthquake,7.48,4.355,0.058,29,reviewed,us,us
2026-05-16T14:50:05.948Z,17.4295,-61.2938,51.245,6,mww,383,17,0.526,0.76,us,us6000sy84,2026-05-19T22:19:00.703Z,"60 km ESE of Codrington, Antigua and Barbuda",earthquake,5.53,3.954,0.034,82,reviewed,us,us
2026-05-16T14:07:54.607Z,-17.7886,169.1976,10,5.2,mww,101,42,3.013,0.54,us,us6000sy7u,2026-05-19T21:44:18.040Z,"93 km E of Port-Vila, Vanuatu",earthquake,8.03,1.776,0.054,33,reviewed,us,us
2026-05-16T12:59:30.857Z,-17.8693,169.1748,10,5.3,mww,72,115,3.061,0.57,us,us6000sy7l,2026-05-26T06:41:46.040Z,"92 km E of Port-Vila, Vanuatu",earthquake,8.58,1.277,0.069,20,reviewed,us,us
2026-05-16T12:49:53.817Z,-17.8721,169.1056,10,4.5,mb,17,127,3.023,0.77,us,us6000szhj,2026-05-24T07:32:22.040Z,"85 km E of Port-Vila, Vanuatu",earthquake,8.14,1.933,0.163,11,reviewed,us,us
2026-05-16T11:57:10.966Z,-41.7889,-83.7856,10,4.5,mb,32,147,8.192,0.81,us,us6000szhi,2026-05-24T07:46:57.040Z,"West Chile Rise",earthquake,13.49,1.923,0.111,24,reviewed,us,us
2026-05-16T11:25:44.044Z,6.8189,124.695,10,5,mww,65,41,0.912,0.66,us,us6000sy76,2026-05-24T09:32:16.040Z,"4 km SW of Badak, Philippines",earthquake,7.69,1.873,0.089,12,reviewed,us,us
2026-05-16T10:59:47.163Z,-22.8968,-66.2495,242.778,4.7,mb,63,52,1.779,0.77,us,us6000sy6x,2026-05-26T10:05:18.040Z,"59 km WSW of Abra Pampa, Argentina",earthquake,5.93,7.122,0.032,291,reviewed,us,us
2026-05-16T08:54:02.463Z,-53.432,25.1395,10,4.7,mb,18,117,21.27,0.62,us,us6000sycw,2026-05-17T09:26:32.040Z,"south of Africa",earthquake,10.05,1.92,0.133,17,reviewed,us,us
2026-05-16T06:48:55.360Z,-31.9282,-178.203,10,5,mb,25,132,2.685,0.97,us,us6000sy5x,2026-05-16T07:17:02.040Z,"Kermadec Islands region",earthquake,12.86,1.927,0.108,27,reviewed,us,us
2026-05-16T06:29:07.587Z,-15.5201,-175.0816,287.657,4.6,mb,34,98,3.571,0.44,us,us6000sy5s,2026-05-16T06:49:18.040Z,"145 km WNW of Hihifo, Tonga",earthquake,13.61,8.274,0.037,222,reviewed,us,us
2026-05-16T01:59:43.392Z,-21.8473,-68.4323,133.173,4.8,mb,46,70,0.754,1.36,us,us6000sy50,2026-05-16T02:12:24.040Z,"71 km SSW of Ollagüe, Chile",earthquake,5.32,3.755,0.097,33,reviewed,us,us
2026-05-16T01:22:16.192Z,-32.555,-178.5946,35,4.6,mb,14,236,5.604,1.11,us,us6000sy4v,2026-05-16T01:45:02.040Z,"south of the Kermadec Islands",earthquake,9.87,2,0.193,8,reviewed,us,us
2026-05-15T22:20:24.895Z,-17.8835,-178.7113,560.028,4.5,mb,77,111,3.086,0.9,us,us6000sy49,2026-05-31T22:39:27.040Z,"209 km E of Levuka, Fiji",earthquake,12.27,7.44,0.037,217,reviewed,us,us
2026-05-15T21:15:26.882Z,-17.9118,-178.6662,572.533,4.7,mb,100,80,3.13,0.84,us,us6000sy3u,2026-06-01T01:33:22.040Z,"214 km E of Levuka, Fiji",earthquake,11.55,7.868,0.033,284,reviewed,us,us
2026-05-15T18:28:03.617Z,-17.9669,169.2681,10,4.6,mb,22,213,3.193,1.14,us,us6000sy5n,2026-05-24T16:59:28.040Z,"104 km ESE of Port-Vila, Vanuatu",earthquake,11.01,1.98,0.133,17,reviewed,us,us
2026-05-15T15:45:18.684Z,-17.685,-70.0413,132.957,4.9,mb,53,122,0.74,1.09,us,us6000sxz1,2026-05-21T18:15:07.040Z,"13 km NW of Palca, Peru",earthquake,7.66,5.834,0.054,112,reviewed,us,us
2026-05-15T14:27:31.257Z,-0.2431,-18.7444,10,4.9,mb,40,80,8.647,0.54,us,us6000szay,2026-05-21T18:12:19.040Z,"central Mid-Atlantic Ridge",earthquake,12.17,1.896,0.101,32,reviewed,us,us
2026-05-15T11:22:01.649Z,38.9127,142.2498,43.592,6.7,mww,99,43,2.085,1.07,us,us6000sxwq,2026-05-17T23:52:55.821Z,"49 km ESE of Ōfunato, Japan",earthquake,5.99,5.204,0.047,44,reviewed,us,us
2026-05-15T11:20:54.030Z,27.9065,142.15,35.954,4.8,mb,39,94,8.607,1.08,us,us6000sxx0,2026-05-15T12:34:17.040Z,"Bonin Islands, Japan region",earthquake,11.45,8.189,0.088,40,reviewed,us,us
2026-05-15T01:13:58.659Z,-2.9915,147.7607,10,5.4,mww,61,50,1.021,1.12,us,us6000sxu9,2026-05-16T01:39:23.156Z,"119 km SSE of Lorengau, Papua New Guinea",earthquake,6.95,1.87,0.11,8,reviewed,us,us
2026-05-14T23:09:28.079Z,-40.6111,-16.6884,10,4.5,mb,18,82,31.059,0.62,us,us6000sxx5,2026-05-30T03:42:13.040Z,"southern Mid-Atlantic Ridge",earthquake,10.75,1.838,0.131,17,reviewed,us,us
2026-05-14T23:08:32.480Z,-5.7303,-11.3715,10,4.8,mb,16,86,3.687,1.05,us,us6000sza0,2026-05-29T05:25:47.040Z,"Ascension Island region",earthquake,12.4,1.899,0.176,11,reviewed,us,us
2026-05-14T22:14:05.848Z,-55.4381,-26.8968,10,4.8,mb,32,119,5.659,0.45,us,us6000sxtg,2026-05-25T05:03:49.040Z,"South Sandwich Islands region",earthquake,7.72,1.896,0.094,36,reviewed,us,us
2026-05-14T17:53:13.718Z,-6.1497,130.3809,137,6.2,mww,107,14,1.685,0.56,us,us6000sxqf,2026-05-26T17:06:19.174Z,"268 km WSW of Tual, Indonesia",earthquake,8.02,1.848,0.039,62,reviewed,us,us
2026-05-14T15:34:04.551Z,25.1294,141.4667,139.505,5.2,mww,95,25,9.281,1.19,us,us6000sxnw,2026-05-21T17:43:30.040Z,"Volcano Islands, Japan region",earthquake,9.3,5.574,0.065,23,reviewed,us,us
2026-05-14T12:48:22.202Z,4.0895,-76.7348,117.101,5.3,mww,115,65,2.521,1.31,us,us6000sxn9,2026-05-14T17:45:55.451Z,"32 km WNW of Darien, Colombia",earthquake,7.6,4.693,0.058,29,reviewed,us,us
2026-05-14T09:55:47.289Z,-58.3477,-25.63,52.398,5.1,mb,73,80,7.28,0.56,us,us6000sxmm,2026-05-14T10:22:17.040Z,"South Sandwich Islands region",earthquake,11.6,7.334,0.066,75,reviewed,us,us
2026-05-14T07:47:44.884Z,30.1632,56.5035,10,4.7,mb,74,66,5.204,0.84,us,us6000sxm9,2026-05-22T07:21:42.040Z,"27 km NNW of Bardsīr, Iran",earthquake,8.92,1.873,0.057,92,reviewed,us,us
2026-05-14T02:59:47.627Z,0.5784,126.2296,35,4.7,mb,33,89,6.948,1.05,us,us6000sxky,2026-05-14T03:15:55.040Z,"130 km W of Ternate, Indonesia",earthquake,12.2,1.923,0.115,23,reviewed,us,us
2026-05-14T02:46:38.356Z,-24.2997,-66.9979,182.694,4.7,mb,60,65,1.724,1.2,us,us6000sxkm,2026-05-14T03:08:36.040Z,"69 km W of San Antonio de los Cobres, Argentina",earthquake,8.7,7.004,0.038,206,reviewed,us,us
2026-05-14T01:33:25.558Z,51.9997,-30.7976,10,4.5,mb,59,99,13.69,1.13,us,us6000sxke,2026-05-14T02:21:16.040Z,"northern Mid-Atlantic Ridge",earthquake,10.37,1.917,0.063,73,reviewed,us,us
2026-05-14T00:14:01.393Z,5.0578,36.842,10,4.7,mb,28,117,2.195,1.1,us,us6000sxka,2026-05-14T00:28:07.040Z,"41 km ENE of Turmi, Ethiopia",earthquake,10.38,1.908,0.113,24,reviewed,us,us
2026-05-13T22:10:16.879Z,18.9922,121.2286,35,4.6,mb,60,113,3.809,0.93,us,us6000sxk3,2026-05-22T04:27:41.040Z,"42 km N of Namuac, Philippines",earthquake,9.05,1.928,0.065,70,reviewed,us,us
2026-05-13T22:01:06.678Z,19.0959,121.2247,35,5.3,mww,82,46,3.706,0.58,us,us6000sxk1,2026-05-22T04:12:49.040Z,"54 km N of Namuac, Philippines",earthquake,5.77,1.8,0.066,22,reviewed,us,us
2026-05-13T21:48:17.796Z,-43.3876,91.8016,10,4.5,mb,17,76,16.026,0.51,us,us6000sz8b,2026-05-22T04:09:26.040Z,"southeast Indian Ridge",earthquake,9.69,1.897,0.136,16,reviewed,us,us
2026-05-13T16:58:44.064Z,9.8989,56.991,10,4.8,mb,91,105,13.159,0.51,us,us6000sxi7,2026-05-25T21:37:03.040Z,"Carlsberg Ridge",earthquake,10.16,1.854,0.063,78,reviewed,us,us
2026-05-13T16:22:30.444Z,9.6929,-84.5147,10,4.9,mb,74,85,0.502,0.56,us,us6000sxh5,2026-05-26T15:11:54.040Z,"15 km NE of Jacó, Costa Rica",earthquake,8.92,1.844,0.044,165,reviewed,us,us
2026-05-13T12:50:34.441Z,-15.448,-173.3698,10,4.5,mb,61,82,4.882,0.6,us,us6000sxf6,2026-05-14T08:03:54.040Z,"72 km NE of Hihifo, Tonga",earthquake,10.62,1.87,0.075,53,reviewed,us,us
2026-05-13T10:43:29.759Z,23.9567,121.6574,18.214,4.7,mwr,83,81,0.224,0.61,us,us6000sxef,2026-05-13T11:14:39.149Z,"5 km ESE of Hualien City, Taiwan",earthquake,4.45,4.326,0.062,25,reviewed,us,us
2026-05-13T09:21:48.563Z,13.1585,-87.8136,197.726,4.5,mb,63,137,0.584,0.62,us,us6000sxdu,2026-05-13T09:42:37.040Z,"17 km SSE of Conchagua, El Salvador",earthquake,10.54,8.353,0.045,143,reviewed,us,us
2026-05-13T08:12:59.760Z,-55.3924,-28.2611,31.914,5.1,mb,42,88,4.884,0.8,us,us6000sxdf,2026-05-13T08:27:56.040Z,"South Sandwich Islands region",earthquake,12.41,6.594,0.07,66,reviewed,us,us
2026-05-13T07:29:39.992Z,-30.153,-179.4729,348.072,4.6,mb,32,69,1.62,0.94,us,us6000sxd9,2026-05-13T07:48:38.040Z,"Kermadec Islands region",earthquake,14.25,8.015,0.07,61,reviewed,us,us
2026-05-13T06:36:37.861Z,-55.3734,-28.3706,10,5,mb,49,88,4.819,0.83,us,us6000sxd4,2026-05-13T06:52:15.040Z,"South Sandwich Islands region",earthquake,11.3,1.826,0.074,58,reviewed,us,us
2026-05-13T05:39:54.585Z,51.4073,158.4693,56.534,4.6,mb,46,137,1.768,0.63,us,us6000sxcz,2026-05-13T05:58:21.040Z,"137 km E of Ozernovskiy, Russia",earthquake,11.81,7.502,0.046,142,reviewed,us,us
2026-05-13T05:22:28.769Z,-2.8372,147.7243,10,4.6,mb,21,158,0.866,0.81,us,us6000sxwc,2026-05-15T09:34:26.040Z,"102 km SSE of Lorengau, Papua New Guinea",earthquake,5.82,1.909,0.132,17,reviewed,us,us
2026-05-13T03:08:35.413Z,30.3404,138.3561,484.752,5.1,mww,115,92,5.089,0.85,us,us6000sxc0,2026-05-29T23:33:44.040Z,"Izu Islands, Japan region",earthquake,10.87,7.712,0.103,9,reviewed,us,us
2026-05-13T02:24:36.564Z,41.6233,145.8788,10,4.9,mb,51,132,2.071,0.79,us,us6000sxbv,2026-05-21T21:53:20.040Z,"178 km SSE of Akkeshi, Japan",earthquake,8.01,1.888,0.088,40,reviewed,us,us
2026-05-13T01:31:22.129Z,-20.2029,67.6558,10,4.6,mb,24,119,4.055,0.44,us,us6000sxcv,2026-05-21T05:18:27.040Z,"Mid-Indian Ridge",earthquake,13.04,1.92,0.129,18,reviewed,us,us
2026-05-12T21:53:43.461Z,-21.5221,-174.3272,10,5.1,mb,44,130,36.959,0.75,us,us6000sxaj,2026-05-22T02:54:03.040Z,"68 km ESE of ‘Ohonua, Tonga",earthquake,15.94,1.9,0.084,46,reviewed,us,us
2026-05-12T21:19:36.793Z,-23.2993,-176.8758,154,5.7,mww,100,43,5.996,0.71,us,us6000sx9x,2026-05-22T02:39:03.327Z,"286 km SW of Houma, Tonga",earthquake,10.59,1.862,0.062,25,reviewed,us,us
2026-05-12T18:10:22.433Z,2.9083,127.8786,71.729,4.7,mb,125,75,7.252,0.66,us,us6000sx7r,2026-05-25T20:08:44.040Z,"131 km N of Tobelo, Indonesia",earthquake,9.55,5.121,0.051,117,reviewed,us,us
2026-05-12T15:39:31.100Z,-10.649,164.9925,68.161,5.6,mww,186,28,5.112,0.71,us,us6000sx5k,2026-05-13T16:06:31.238Z,"88 km W of Lata, Solomon Islands",earthquake,7.6,4.396,0.061,26,reviewed,us,us
2026-05-12T14:55:15.727Z,28.4795,104.8209,10,4.8,mb,161,34,4.454,0.54,us,us6000sx5d,2026-05-12T16:47:25.040Z,"10 km ENE of Xunchang, China",earthquake,4.93,2.758,0.046,150,reviewed,us,us
2026-05-12T08:53:56.666Z,4.8333,127.5121,108.574,5,mb,78,47,2.938,0.68,us,us6000sx3v,2026-05-12T09:12:42.040Z,"224 km SE of Pondaguitan, Philippines",earthquake,9.3,5.74,0.045,156,reviewed,us,us
2026-05-12T06:53:32.598Z,23.2629,121.4893,26.329,5.1,mww,89,88,0.219,0.7,us,us6000sx3h,2026-05-13T04:18:50.124Z,"79 km S of Hualien City, Taiwan",earthquake,3.83,4.742,0.11,8,reviewed,us,us
2026-05-12T06:23:03.205Z,52.3443,160.1716,10,4.6,mb,115,117,1.687,0.67,us,us6000sx3g,2026-05-12T06:49:12.040Z,"131 km SE of Petropavlovsk-Kamchatsky, Russia",earthquake,9.01,1.882,0.048,129,reviewed,us,us
2026-05-12T05:33:00.666Z,36.8731,143.843,10,4.5,mb,35,63,4.472,1.27,us,us6000sz0c,2026-06-01T12:30:10.040Z,"256 km ESE of Tomioka, Japan",earthquake,9.67,1.876,0.097,31,reviewed,us,us
2026-05-12T05:18:57.588Z,7.0489,92.4295,10,4.9,mb,56,70,4.842,0.8,us,us6000sx36,2026-05-12T05:41:03.040Z,"Nicobar Islands, India region",earthquake,10.59,1.876,0.072,60,reviewed,us,us
2026-05-12T04:08:24.653Z,52.1738,160.8367,10,4.5,mb,43,170,2.129,1.01,us,us6000sx2w,2026-05-12T04:35:36.040Z,"179 km SE of Petropavlovsk-Kamchatsky, Russia",earthquake,10.63,1.939,0.08,46,reviewed,us,us
2026-05-12T03:45:42.646Z,-10.2288,161.21,60.837,5,mb,63,60,1.471,0.47,us,us6000sx2s,2026-05-12T04:03:47.040Z,"81 km WNW of Kirakira, Solomon Islands",earthquake,8.83,5.859,0.057,99,reviewed,us,us
2026-05-11T22:08:39.367Z,12.3029,144.4392,10,4.6,mb,18,156,1.345,0.7,us,us6000sz00,2026-05-22T01:09:17.040Z,"109 km SSW of Merizo Village, Guam",earthquake,12.53,1.937,0.151,13,reviewed,us,us
2026-05-11T20:18:48.707Z,13.179,145.994,10,4.8,mb,67,122,1.169,0.85,us,us6000sx06,2026-05-24T15:08:38.040Z,"126 km ESE of Yigo Village, Guam",earthquake,9.92,1.845,0.049,129,reviewed,us,us
2026-05-11T20:04:59.129Z,-15.4991,-177.5257,10,4.8,mb,36,122,3.14,0.6,us,us6000sx3a,2026-05-24T15:11:10.040Z,"145 km SSE of Alo, Wallis and Futuna",earthquake,10.55,1.887,0.104,29,reviewed,us,us
2026-05-11T09:48:51.604Z,-9.2967,159.1915,10,5.2,mww,84,49,0.759,0.6,us,us6000swvm,2026-05-11T17:58:35.040Z,"72 km NW of Malango, Solomon Islands",earthquake,6.55,1.86,0.073,18,reviewed,us,us
2026-05-11T05:35:52.128Z,-23.046,-68.633,112.298,4.6,mb,44,68,0.429,0.47,us,us6000swuu,2026-05-11T06:05:10.040Z,"46 km WSW of San Pedro de Atacama, Chile",earthquake,3.96,5.258,0.094,34,reviewed,us,us
2026-05-11T01:41:17.618Z,27.3848,129.5696,10,5,mb,75,89,1.279,1.18,us,us6000swtz,2026-05-22T00:14:23.040Z,"70 km ESE of Isen, Japan",earthquake,5.92,1.842,0.046,152,reviewed,us,us
2026-05-11T00:21:40.350Z,39.7894,143.5843,10,4.9,mww,102,58,2.171,0.5,us,us6000swtm,2026-05-22T00:16:49.891Z,"141 km E of Miyako, Japan",earthquake,8.53,1.768,0.068,21,reviewed,us,us
2026-05-10T23:20:54.500Z,-23.4663,-179.8301,534.64,5,mb,58,62,6.028,0.6,us,us6000swte,2026-05-19T22:40:56.040Z,"south of the Fiji Islands",earthquake,12.58,6.146,0.031,324,reviewed,us,us
2026-05-10T23:15:43.934Z,-23.3823,179.9389,562.321,5.1,mb,99,66,11.533,0.66,us,us6000swtd,2026-05-19T22:32:37.040Z,"south of the Fiji Islands",earthquake,11.78,5.977,0.026,465,reviewed,us,us
2026-05-10T22:51:05.221Z,-25.3692,179.7053,519.083,4.5,mb,54,92,4.397,0.74,us,us6000swvu,2026-05-19T22:08:19.040Z,"south of the Fiji Islands",earthquake,12.47,7.372,0.057,90,reviewed,us,us
2026-05-10T21:08:23.187Z,17.9018,145.7075,230.178,4.5,mb,59,55,4.363,0.75,us,us6000swss,2026-05-19T21:02:13.371Z,"297 km N of Saipan, Northern Mariana Islands",earthquake,11.21,7.251,0.068,64,reviewed,us,us
2026-05-10T20:29:54.575Z,36.674,26.6993,160.147,4.6,mb,76,45,1.185,0.81,us,us6000swsg,2026-05-24T14:48:17.040Z,"24 km WSW of Kéfalos, Greece",earthquake,5.11,6.27,0.051,116,reviewed,us,us
2026-05-10T20:16:45.381Z,-8.9108,157.9947,10,4.9,mb,42,62,1.998,0.67,us,us6000swv6,2026-05-24T14:58:13.040Z,"155 km SE of Gizo, Solomon Islands",earthquake,10.19,1.841,0.096,34,reviewed,us,us
2026-05-10T19:36:36.401Z,20.5004,94.0661,54.234,5,mb,126,59,1.061,0.73,us,us6000sws5,2026-05-24T14:44:25.040Z,"84 km W of Yenangyaung, Burma (Myanmar)",earthquake,6.89,6.428,0.04,196,reviewed,us,us
2026-05-10T16:41:43.270Z,-16.8739,-173.3414,10,5.3,mb,67,74,8.265,1.28,us,us6000swr8,2026-05-21T16:38:38.040Z,"112 km SSE of Hihifo, Tonga",earthquake,10.54,1.792,0.033,310,reviewed,us,us
2026-05-10T16:34:33.201Z,-5.285,145.648,93.275,5.3,mww,78,30,4.359,1.07,us,us6000swr6,2026-05-21T16:03:11.040Z,"16 km WSW of Madang, Papua New Guinea",earthquake,7.97,5.211,0.053,34,reviewed,us,us
2026-05-10T15:53:23.571Z,0.5505,126.1854,35,4.5,mb,27,112,6.261,1.04,us,us6000swr0,2026-05-21T15:56:35.040Z,"136 km WSW of Ternate, Indonesia",earthquake,8.38,1.861,0.113,27,reviewed,us,us
2026-05-10T12:24:34.277Z,1.2342,120.5431,35,4.7,mb,33,122,6.257,0.98,us,us6000swq8,2026-05-10T12:48:37.040Z,"248 km NNE of Palu, Indonesia",earthquake,13.15,1.948,0.096,33,reviewed,us,us
2026-05-10T12:21:22.589Z,38.5344,-27.5038,10,4.6,mb,39,170,1.74,0.93,us,us6000swq9,2026-05-10T12:41:37.040Z,"22 km SW of Santa Bárbara, Portugal",earthquake,11.78,1.923,0.062,79,reviewed,us,us
2026-05-10T07:10:21.250Z,32.971333333333,-115.56233333333,14.53,4.6648691912206,mw,66,39,0.06968,0.25,ci,ci41461608,2026-06-01T07:20:29.105Z,"3 km WSW of Brawley, CA",earthquake,0.22,0.49,,10,reviewed,ci,ci
2026-05-10T03:39:29.810Z,32.977833333333,-115.54983333333,15.9,4.4811285884881,mw,67,39,0.0767,0.27,ci,ci41460512,2026-05-29T23:57:23.392Z,"2 km W of Brawley, CA",earthquake,0.21,0.38,,10,reviewed,ci,ci
2026-05-10T03:03:39.663Z,37.3482,144.5078,10,4.5,mb,41,136,4.357,0.72,us,us6000swkj,2026-05-29T04:49:06.040Z,"295 km ESE of Onagawa Chō, Japan",earthquake,9.87,1.902,0.1,29,reviewed,us,us
2026-05-10T02:42:24.247Z,-7.0199,131.9032,10,5.2,mb,44,102,3.18,1.17,us,us6000swk8,2026-05-29T04:25:56.040Z,"180 km SSW of Tual, Indonesia",earthquake,7.94,1.855,0.093,38,reviewed,us,us
2026-05-10T02:34:07.139Z,-37.7571,-73.231,35,5.5,mww,79,140,1.041,1.07,us,us6000swk0,2026-05-29T04:22:50.143Z,"15 km ENE of Cañete, Chile",earthquake,6.56,1.888,0.059,28,reviewed,us,us
2026-05-10T01:50:14.495Z,5.6797,126.3366,103.705,4.6,mb,51,105,1.573,0.86,us,us6000swjc,2026-05-29T03:04:26.040Z,"77 km SSE of Pondaguitan, Philippines",earthquake,10.59,7.251,0.087,39,reviewed,us,us
2026-05-09T23:11:13.933Z,-17.6072,-173.4572,35,4.8,mb,44,126,4.015,0.65,us,us6000swj8,2026-05-19T04:51:36.040Z,"128 km NNE of Neiafu, Tonga",earthquake,14.32,1.877,0.085,48,reviewed,us,us
2026-05-09T21:52:46.392Z,-38.7898,175.1351,227.178,4.9,mb,34,97,0.353,0.68,us,us6000swi4,2026-05-19T04:55:48.846Z,"62 km WNW of Turangi, New Zealand",earthquake,8.18,5.57,0.198,8,reviewed,us,us
2026-05-09T20:39:49.486Z,-26.868,-176.6645,10,5.3,mb,43,70,2.618,0.8,us,us6000swhy,2026-05-24T14:27:21.040Z,"south of the Fiji Islands",earthquake,9.62,1.868,0.043,178,reviewed,us,us
2026-05-09T20:26:10.588Z,8.8156,-82.5942,10,4.5,mb,31,145,0.782,0.56,us,us6000swhx,2026-05-24T14:11:15.040Z,"4 km SSW of Cerro Punta, Panama",earthquake,9.41,1.934,0.105,27,reviewed,us,us
2026-05-09T16:18:50.828Z,24.5333,123.7715,26.738,4.6,mww,209,50,0.696,0.61,us,us6000swhc,2026-05-30T23:34:46.040Z,"44 km WNW of Ishigaki, Japan",earthquake,5.57,4.394,0.083,14,reviewed,us,us
2026-05-09T14:22:52.509Z,-58.024,-25.6886,97.443,5.1,mb,68,92,7.099,0.57,us,us6000swh0,2026-05-09T19:11:49.040Z,"South Sandwich Islands region",earthquake,6.11,5.544,0.082,48,reviewed,us,us
2026-05-09T09:12:13.223Z,-2.8697,147.7405,10,5,mb,50,63,0.902,1.15,us,us6000swg6,2026-05-20T06:33:23.040Z,"106 km SSE of Lorengau, Papua New Guinea",earthquake,8.81,1.884,0.058,95,reviewed,us,us
2026-05-09T04:58:02.120Z,41.502666666667,-125.218,26.13,4.8,mw,31,240,0.8106,0.31,nc,nc75357576,2026-05-31T05:08:05.257Z,"89 km WSW of Crescent City, CA",earthquake,1.32,25.29,,16,reviewed,nc,nc
2026-05-09T04:42:23.979Z,51.053,179.2934,38.757,5.8,mww,122,126,0.326,0.98,us,us6000swf4,2026-05-31T04:52:31.759Z,"297 km WSW of Adak, Alaska",earthquake,5.25,5.57,0.039,63,reviewed,us,us
2026-05-09T00:10:26.707Z,-2.1824,139.0923,10,4.6,mb,36,74,1.643,0.69,us,us6000swe0,2026-05-19T04:27:09.040Z,"177 km WNW of Abepura, Indonesia",earthquake,8.29,1.22,0.078,49,reviewed,us,us
2026-05-08T21:18:55.272Z,-2.8026,147.7837,10,4.9,mb,39,69,0.862,0.57,us,us6000swcg,2026-05-18T05:22:01.040Z,"102 km SE of Lorengau, Papua New Guinea",earthquake,7.58,1.88,0.095,35,reviewed,us,us
2026-05-08T21:16:19.587Z,-22.9178,179.2297,576.49,4.6,mb,23,61,5.264,1.18,us,us6000sy13,2026-05-18T04:27:50.040Z,"south of the Fiji Islands",earthquake,12.77,8.97,0.173,10,reviewed,us,us
2026-05-08T21:15:06.461Z,-22.9658,178.995,571.976,4.5,mb,52,127,5.269,0.79,us,us6000swcc,2026-05-18T05:16:52.040Z,"south of the Fiji Islands",earthquake,12.4,7.923,0.039,189,reviewed,us,us
2026-05-08T20:03:25.803Z,51.0534,179.4162,37.027,4.7,mb,101,181,0.333,0.96,us,us6000swbu,2026-05-08T20:27:38.977Z,"289 km WSW of Adak, Alaska",earthquake,6.43,7.642,0.039,201,reviewed,us,us
2026-05-08T17:54:47.906Z,-36.6979,176.9745,10,4.6,mb,21,207,1.564,0.34,us,us6000sxeq,2026-05-24T15:19:58.040Z,"104 km ENE of Pauanui, New Zealand",earthquake,7.67,1.952,0.173,11,reviewed,us,us
2026-05-08T17:14:40.531Z,-14.9705,-75.699,21.108,4.8,mb,39,139,3.167,0.95,us,us6000swai,2026-05-17T18:45:07.040Z,"61 km WSW of Changuillo, Peru",earthquake,10.85,6.066,0.052,113,reviewed,us,us
2026-05-08T17:10:18.724Z,39.8945,143.2563,35,4.6,mb,65,134,1.899,0.51,us,us6000swak,2026-05-17T18:47:16.040Z,"116 km ENE of Miyako, Japan",earthquake,8.29,1.924,0.063,74,reviewed,us,us
2026-05-08T13:43:54.507Z,-2.9893,147.9086,10,4.5,mb,12,98,1.085,1.01,us,us6000sy0e,2026-05-16T18:52:00.040Z,"127 km SE of Lorengau, Papua New Guinea",earthquake,7.82,1.907,0.222,6,reviewed,us,us
2026-05-08T13:31:24.414Z,-2.9759,147.5175,10,4.5,mb,17,149,0.939,1.08,us,us6000swa1,2026-05-16T18:37:01.040Z,"107 km SSE of Lorengau, Papua New Guinea",earthquake,9.62,1.918,0.156,12,reviewed,us,us
2026-05-08T12:38:37.970Z,-2.9327,147.7874,10,4.9,mb,17,153,0.979,1.15,us,us6000sw71,2026-05-08T13:05:27.040Z,"114 km SSE of Lorengau, Papua New Guinea",earthquake,5.76,1.899,0.125,20,reviewed,us,us
2026-05-08T12:22:31.861Z,-2.9127,147.7321,10,5.6,mww,68,54,0.938,0.75,us,us6000sw6y,2026-05-09T12:50:04.932Z,"109 km SSE of Lorengau, Papua New Guinea",earthquake,6.21,1.867,0.083,14,reviewed,us,us
2026-05-08T12:13:21.448Z,-3.0594,147.7629,10,4.6,mb,49,149,1.084,0.78,us,us6000sw6x,2026-05-09T12:57:51.040Z,"125 km SSE of Lorengau, Papua New Guinea",earthquake,8.58,1.883,0.073,56,reviewed,us,us
2026-05-08T12:06:02.939Z,-2.8549,147.8959,10,4.7,mb,36,58,0.964,1.28,us,us6000sw6v,2026-05-08T12:28:18.040Z,"114 km SE of Lorengau, Papua New Guinea",earthquake,6.44,1.875,0.097,32,reviewed,us,us
2026-05-08T11:38:55.879Z,46.8498,92.8801,10,4.7,mb,73,67,7.266,0.6,us,us6000sw6q,2026-06-01T14:11:52.508Z,"158 km SE of Khovd, Mongolia",earthquake,8.69,1.866,0.052,111,reviewed,us,us
2026-05-08T09:32:03.492Z,-3.0223,147.9244,10,4.6,mb,31,72,1.121,0.44,us,us6000sw9y,2026-05-11T10:00:07.040Z,"131 km SSE of Lorengau, Papua New Guinea",earthquake,7.38,1.903,0.104,28,reviewed,us,us
2026-05-08T07:17:42.791Z,-43.391,91.5605,10,5.9,mww,90,61,15.871,0.77,us,us6000sw5q,2026-05-17T07:07:06.896Z,"southeast Indian Ridge",earthquake,10.45,1.8,0.061,26,reviewed,us,us
2026-05-08T03:53:33.514Z,10.2011,91.4667,10,4.6,mb,53,134,8.184,0.77,us,us6000sw5i,2026-05-14T00:01:19.040Z,"214 km SW of Port Blair, India",earthquake,11.22,1.89,0.083,43,reviewed,us,us
2026-05-08T03:39:30.083Z,6.5836,-82.2847,10,4.8,mww,37,154,2.826,1.04,us,us6000sw44,2026-06-01T13:44:12.040Z,"163 km SW of Río Grande, Panama",earthquake,7.87,1.946,0.089,12,reviewed,us,us
2026-05-08T01:29:17.864Z,-23.7788,-66.5836,197.525,4.8,mww,79,48,1.681,1.21,us,us6000sw3f,2026-05-08T01:46:59.040Z,"55 km NNW of San Antonio de los Cobres, Argentina",earthquake,6.49,5.745,0.078,16,reviewed,us,us
2026-05-07T23:31:15.306Z,37.5815,141.427,55.925,4.7,mww,80,134,2.775,0.48,us,us6000sw2r,2026-05-18T02:02:58.536Z,"39 km ENE of Namie, Japan",earthquake,8.25,4.688,0.086,13,reviewed,us,us
2026-05-07T16:54:03.761Z,7.4632,-34.6257,10,4.7,mb,33,131,13.126,0.64,us,us6000svzd,2026-05-15T14:59:23.040Z,"central Mid-Atlantic Ridge",earthquake,12.61,1.908,0.07,64,reviewed,us,us
2026-05-07T13:57:40.198Z,-13.775,174.9824,10,4.6,mb,35,83,4.931,0.72,us,us6000sxdv,2026-05-15T14:17:31.040Z,"Fiji region",earthquake,6.18,1.87,0.105,27,reviewed,us,us
2026-05-07T11:48:41.636Z,-17.9613,-178.0277,586.653,5.1,mb,60,94,3.634,1.08,us,us6000svwn,2026-05-07T12:03:09.040Z,"281 km E of Levuka, Fiji",earthquake,11.65,9.074,0.074,60,reviewed,us,us
2026-05-07T11:32:01.976Z,51.8366,158.6642,87.869,4.5,mb,46,138,1.404,0.84,us,us6000svwk,2026-05-08T06:34:22.040Z,"123 km S of Vilyuchinsk, Russia",earthquake,10.84,7.361,0.061,78,reviewed,us,us
2026-05-07T08:53:27.146Z,-27.348,-176.655,35,5.4,mww,49,81,2.199,0.85,us,us6000svw1,2026-05-17T10:56:18.170Z,"Kermadec Islands region",earthquake,12.28,1.909,0.071,19,reviewed,us,us
2026-05-07T08:13:51.506Z,14.1976,-93.0468,10,4.7,mb,57,176,2.25,0.58,us,us6000svvr,2026-05-16T10:38:13.040Z,"88 km SW of Puerto Madero, Mexico",earthquake,5.18,1.895,0.029,370,reviewed,us,us
2026-05-07T06:39:17.954Z,29.2749,129.4094,10,4.7,mb,46,110,2.402,0.91,us,us6000svvf,2026-05-16T09:19:59.040Z,"93 km NNW of Tatsugō, Japan",earthquake,7.73,1.849,0.069,63,reviewed,us,us
2026-05-07T04:15:23.864Z,51.3925,159.9,10,4.6,mb,52,124,2.187,0.72,us,us6000svuv,2026-06-01T04:57:53.040Z,"199 km SSE of Vilyuchinsk, Russia",earthquake,8.17,1.83,0.086,40,reviewed,us,us
2026-05-07T02:30:11.740Z,-27.5252,82.2998,10,4.6,mb,25,130,38.293,1.21,us,us6000sxdj,2026-06-01T03:26:50.040Z,"South Indian Ocean",earthquake,15.13,1.911,0.125,19,reviewed,us,us
2026-05-07T01:23:02.376Z,-5.8139,154.3801,120.273,5.1,mww,100,87,2.734,0.55,us,us6000svu7,2026-06-01T03:14:59.040Z,"134 km WNW of Panguna, Papua New Guinea",earthquake,9.52,5.289,0.075,17,reviewed,us,us
2026-05-06T22:06:49.679Z,-2.2707,-79.1824,97.172,4.6,mb,47,104,0.208,0.69,us,us6000svsx,2026-05-26T23:36:21.800Z,"24 km NE of La Troncal, Ecuador",earthquake,6.72,2.629,0.053,108,reviewed,us,us
2026-05-06T19:19:18.087Z,-59.5302,-24.1253,10,4.9,mb,67,81,8.56,0.54,us,us6000svrl,2026-05-28T18:35:08.040Z,"South Sandwich Islands region",earthquake,9.32,2.515,0.079,52,reviewed,us,us
2026-05-06T18:09:41.869Z,-11.6819,166.5311,143.985,4.6,mb,16,231,3.799,0.49,us,us6000sxpy,2026-05-28T16:53:42.040Z,"132 km SE of Lata, Solomon Islands",earthquake,17.19,12.74,0.165,12,reviewed,us,us
2026-05-06T16:56:25.287Z,-43.5674,91.9234,10,4.6,mb,12,164,24.94,1.04,us,us6000sxpw,2026-05-20T16:59:01.040Z,"southeast Indian Ridge",earthquake,11.27,1.938,0.173,10,reviewed,us,us
2026-05-06T15:35:49.132Z,7.5271,126.7728,29,5.5,mww,139,64,11.727,0.88,us,us6000svp9,2026-05-20T15:56:31.336Z,"22 km ENE of Baculin, Philippines",earthquake,8.74,1.78,0.065,23,reviewed,us,us
2026-05-06T15:17:33.655Z,28.8263,95.9696,10,4.6,mb,90,58,4.32,0.74,us,us6000svp7,2026-05-20T15:34:56.823Z,"100 km NW of Hayuliang, India",earthquake,8,1.864,0.067,65,reviewed,us,us
2026-05-06T15:12:20.747Z,51.4582,159.8184,10,4.5,mb,33,158,2.104,1.08,us,us6000sxpu,2026-05-20T15:19:28.040Z,"190 km SSE of Vilyuchinsk, Russia",earthquake,10.19,1.917,0.108,25,reviewed,us,us
2026-05-06T14:15:32.308Z,52.3404,176.5321,10,5.8,mww,169,71,1.314,0.6,us,us6000svnr,2026-05-20T14:41:22.622Z,"233 km ESE of Attu Station, Alaska",earthquake,6.11,1.754,0.039,64,reviewed,us,us
2026-05-06T12:55:50.926Z,-17.798,167.1069,10,4.8,mb,43,132,2.339,0.95,us,us6000svnc,2026-05-27T12:15:56.040Z,"128 km W of Port-Vila, Vanuatu",earthquake,7.91,1.868,0.09,38,reviewed,us,us
2026-05-06T11:46:48.800Z,-32.2013,-177.9213,10,5.1,mww,76,62,2.947,0.65,us,us6000svmz,2026-05-27T12:20:39.040Z,"south of the Kermadec Islands",earthquake,10.92,1.862,0.073,18,reviewed,us,us
2026-05-06T11:31:44.078Z,-30.1711,-72.16,10,4.7,mwr,65,138,0.676,1.04,us,us6000svmu,2026-05-27T12:23:49.040Z,"82 km WSW of Coquimbo, Chile",earthquake,2.89,1.813,0.043,53,reviewed,us,us
2026-05-06T10:04:22.494Z,28.0493,56.8077,10,4.6,mb,69,96,3.138,0.44,us,us6000svma,2026-05-27T12:36:25.040Z,"93 km ESE of Ḩājjīābād, Iran",earthquake,8.24,1.397,0.065,69,reviewed,us,us
2026-05-06T09:43:13.682Z,-5.7231,154.4237,103.578,5.2,mww,72,67,2.718,0.59,us,us6000svm3,2026-05-27T12:44:52.040Z,"134 km WNW of Panguna, Papua New Guinea",earthquake,10.28,6.803,0.083,14,reviewed,us,us
2026-05-06T08:19:31.412Z,-30.1713,-72.0717,10,4.6,mwr,38,145,0.627,1.03,us,us6000svkt,2026-05-25T14:03:01.040Z,"74 km WSW of Coquimbo, Chile",earthquake,4.79,1.876,0.045,47,reviewed,us,us
2026-05-06T07:40:09.152Z,-36.7878,177.3073,10,4.7,mb,29,242,1.477,0.89,us,us6000svke,2026-05-28T13:08:59.040Z,"126 km NW of Hicks Bay, New Zealand",earthquake,10.08,1.982,0.147,14,reviewed,us,us
2026-05-06T07:12:19.775Z,-23.2629,172.0771,10,4.5,mb,24,79,4.317,0.84,us,us6000sxpc,2026-05-28T09:35:33.040Z,"southeast of the Loyalty Islands",earthquake,3.89,1.92,0.157,13,reviewed,us,us
2026-05-06T04:06:07.673Z,29.8059,70.0624,10,5,mb,59,67,8.719,1.1,us,us6000svi6,2026-05-23T04:47:19.040Z,"40 km NW of Dajal, Pakistan",earthquake,8.2,1.811,0.08,49,reviewed,us,us
2026-05-06T03:03:48.959Z,29.2443,142.5269,10,4.8,mb,58,141,7.661,0.74,us,us6000svhx,2026-05-23T21:58:15.040Z,"Izu Islands, Japan region",earthquake,11.52,1.896,0.078,51,reviewed,us,us
2026-05-06T00:08:38.308Z,-4.5476,153.6755,105.758,4.5,mb,38,119,1.548,0.83,us,us6000svh0,2026-05-14T21:38:08.040Z,"157 km E of Kokopo, Papua New Guinea",earthquake,5.94,7.085,0.103,28,reviewed,us,us
2026-05-05T23:10:51.756Z,7.9419,126.8754,35,4.6,mb,26,123,1.55,0.73,us,us6000svgp,2026-05-26T23:19:14.040Z,"45 km NE of Kinablangan, Philippines",earthquake,10.09,1.933,0.119,21,reviewed,us,us
2026-05-05T21:01:45.386Z,-55.8755,-27.4821,62.545,4.9,mb,67,101,5.414,0.51,us,us6000svfd,2026-05-26T23:09:05.040Z,"South Sandwich Islands region",earthquake,11.24,5.949,0.088,41,reviewed,us,us
2026-05-05T20:53:20.599Z,34.1718,45.6809,10,4.9,mww,97,82,0.55,0.75,us,us6000svfc,2026-05-18T19:38:41.337Z,"36 km SSW of Sarpol-e Z̄ahāb, Iran",earthquake,6.52,1.848,0.083,14,reviewed,us,us
2026-05-05T18:32:45.683Z,-59.5711,-26.1859,87.69,4.9,mb,30,92,7.731,0.62,us,us6000sxhs,2026-05-18T14:09:34.040Z,"South Sandwich Islands region",earthquake,14.7,6.478,0.131,18,reviewed,us,us
2026-05-05T15:58:27.101Z,-3.5485,-80.6374,51.058,5.1,mwr,164,84,0.569,0.65,us,us6000svc4,2026-05-28T15:33:18.484Z,"15 km NNE of Zorritos, Peru",earthquake,7.44,5.238,0.098,10,reviewed,us,us
2026-05-05T15:38:02.993Z,-7.5963,129.7908,63.673,4.5,mb,62,98,3.056,1.11,us,us6000svbx,2026-05-28T15:17:59.040Z,"Kepulauan Babar, Indonesia",earthquake,6.97,7.547,0.079,50,reviewed,us,us
2026-05-05T15:09:37.597Z,-35.2228,78.6045,10,5.1,mww,101,31,24.458,0.37,us,us6000svbv,2026-05-28T14:33:23.040Z,"Mid-Indian Ridge",earthquake,10.14,1.779,0.11,8,reviewed,us,us
2026-05-05T13:46:52.913Z,-6.5784,130.1335,156.227,4.5,mb,51,76,2.055,1,us,us7000siex,2026-05-27T17:18:20.040Z,"Banda Sea",earthquake,7.63,6.836,0.086,42,reviewed,us,us
2026-05-05T12:31:08.403Z,-36.69,177.2096,10,4.5,mb,31,225,1.568,0.66,us,us7000sier,2026-05-27T11:22:01.040Z,"125 km ENE of Pauanui, New Zealand",earthquake,7.13,1.935,0.221,6,reviewed,us,us
2026-05-05T09:37:39.102Z,-36.5735,177.2913,10,4.5,mwr,47,185,1.689,0.54,us,us7000sie8,2026-05-27T11:47:26.040Z,"136 km ENE of Pauanui, New Zealand",earthquake,6.92,1.923,0.083,14,reviewed,us,us
2026-05-05T08:43:45.642Z,-36.639,177.3361,10,4.9,mww,38,211,1.627,0.75,us,us7000sidy,2026-05-27T08:13:47.968Z,"136 km NW of Hicks Bay, New Zealand",earthquake,6.6,1.95,0.069,20,reviewed,us,us
2026-05-05T08:00:43.173Z,-36.6471,177.2131,10,5.8,mww,69,63,1.611,0.93,us,us7000sidq,2026-05-27T08:11:58.518Z,"126 km ENE of Pauanui, New Zealand",earthquake,6.91,1.794,0.041,56,reviewed,us,us
2026-05-05T07:16:32.484Z,1.2799,126.4461,35,4.5,mb,38,105,5.816,1.01,us,us7000side,2026-05-28T09:11:06.040Z,"117 km WNW of Ternate, Indonesia",earthquake,7.89,1.867,0.118,25,reviewed,us,us
2026-05-05T06:44:49.944Z,-10.0638,119.3249,22,5.8,mww,106,39,1.96,0.96,us,us7000sicu,2026-05-26T18:13:58.478Z,"70 km S of Tambolaka, Indonesia",earthquake,8.7,1.79,0.065,23,reviewed,us,us
2026-05-05T04:10:49.225Z,25.3328,96.5593,10,4.5,mb,62,78,4.377,0.48,us,us7000sibr,2026-05-28T04:09:55.040Z,"84 km W of Myitkyina, Burma (Myanmar)",earthquake,9.04,1.896,0.081,45,reviewed,us,us
2026-05-05T03:32:55.796Z,1.3299,126.6506,35,4.5,mb,33,101,5.801,0.53,us,us7000sibh,2026-05-28T03:50:51.040Z,"101 km NW of Ternate, Indonesia",earthquake,10.59,1.903,0.102,28,reviewed,us,us
2026-05-05T02:39:52.449Z,38.4568,-116.5006,10,4.47,mwr,7,183,0.229,0.1954,nn,nn00917635,2026-05-30T02:49:55.110Z,"77 km NE of Tonopah, Nevada",earthquake,,6.2568,,,reviewed,nn,nn
2026-05-05T02:38:50.761Z,-6.3609,130.1036,160.922,5,mww,142,17,1.837,0.47,us,us7000siat,2026-05-28T01:31:59.040Z,"Banda Sea",earthquake,2.55,4.694,0.089,12,reviewed,us,us
2026-05-05T02:38:45.825Z,53.4439,-165.5159,43.613,4.7,mwr,161,159,0.676,0.68,us,us7000siar,2026-05-27T05:09:10.040Z,"78 km SSE of Akutan, Alaska",earthquake,4.39,5.831,0.062,25,reviewed,us,us
2026-05-05T02:01:18.625Z,47.9105,156.0723,10,4.6,mb,71,138,5.306,0.57,us,us7000siaj,2026-05-27T03:58:25.040Z,"east of the Kuril Islands",earthquake,12.21,1.916,0.073,56,reviewed,us,us
2026-05-05T00:16:51.628Z,-25.9562,130.7032,10,4.5,mb,16,116,3.695,0.52,us,us7000si9y,2026-05-26T23:01:52.040Z,"84 km SSW of Yulara, Australia",earthquake,6.53,1.8,0.164,11,reviewed,us,us
2026-05-04T23:54:07.597Z,39.9553,143.0788,40.128,5.2,mww,120,40,1.75,0.64,us,us7000si9t,2026-05-26T22:48:01.040Z,"103 km ENE of Miyako, Japan",earthquake,5.61,4.68,0.086,13,reviewed,us,us
2026-05-04T22:58:52.777Z,-6.5631,129.8923,153.631,4.5,mb,13,98,4.315,0.24,us,us6000sxgi,2026-05-13T23:43:35.040Z,"Banda Sea",earthquake,9.88,9.045,0.172,10,reviewed,us,us
2026-05-04T21:42:01.027Z,39.8746,143.3624,19.52,4.8,mb,62,110,1.98,0.63,us,us7000si98,2026-05-26T22:24:53.040Z,"124 km ENE of Miyako, Japan",earthquake,7.04,4.315,0.058,91,reviewed,us,us
2026-05-04T20:39:33.292Z,28.3447,54.1781,10,4.5,mb,87,57,3.84,0.75,us,us7000si8q,2026-05-17T15:24:54.234Z,"57 km SW of Dārāb, Iran",earthquake,8.52,1.873,0.059,83,reviewed,us,us
2026-05-04T19:14:25.180Z,51.7585,176.1302,10,4.5,mb,74,193,1.522,0.74,us,us7000si80,2026-05-17T15:16:40.040Z,"234 km ESE of Attu Station, Alaska",earthquake,7.15,1.952,0.059,84,reviewed,us,us
2026-05-04T17:38:27.636Z,-4.623,153.4628,80.036,4.5,mb,38,130,1.364,0.7,us,us7000si7l,2026-05-17T15:07:31.040Z,"136 km ESE of Kokopo, Papua New Guinea",earthquake,10.98,6.658,0.096,32,reviewed,us,us
2026-05-04T16:47:47.029Z,30.6178,60.1214,10,4.8,mb,60,92,6.63,1.29,us,us7000si6f,2026-05-14T20:28:22.040Z,"80 km N of Noşratābād, Iran",earthquake,8.76,1.887,0.067,68,reviewed,us,us
2026-05-04T16:03:03.665Z,29.5951,102.0832,10,4.6,mb,63,116,6.468,0.95,us,us7000si5h,2026-05-14T20:19:55.040Z,"46 km SSE of Kangding, China",earthquake,10.13,1.892,0.073,59,reviewed,us,us
2026-05-04T15:30:01.993Z,16.5031,-98.0645,35,4.5,mb,30,248,1.158,0.89,us,us6000sxga,2026-05-14T20:12:47.155Z,"4 km S of San Antonio Tepetlapa, Mexico",earthquake,10.59,2.007,0.104,27,reviewed,us,us
2026-05-04T15:19:24.589Z,16.4698,-98.0183,18,5.5,mww,87,79,1.207,0.84,us,us7000si51,2026-05-14T20:00:20.532Z,"0 km SW of San Juan Jicayán, Mexico",earthquake,9.11,1.771,0.051,37,reviewed,us,us
2026-05-04T15:03:00.555Z,29.5089,102.1086,10,4.8,mb,42,54,6.458,0.77,us,us7000si54,2026-05-14T19:32:07.040Z,"56 km SSE of Kangding, China",earthquake,5.11,1.887,0.097,34,reviewed,us,us
2026-05-04T13:50:43.819Z,11.5618,-86.9192,45.775,4.5,mb,76,164,1.709,0.82,us,us7000si4v,2026-05-14T16:59:04.040Z,"50 km WSW of Masachapa, Nicaragua",earthquake,11.85,8.124,0.043,155,reviewed,us,us
2026-05-04T10:02:29.077Z,46.7345,152.867,35,4.6,mb,58,93,7.1,0.87,us,us7000si47,2026-05-04T14:06:23.040Z,"Kuril Islands",earthquake,9.97,1.911,0.047,136,reviewed,us,us
2026-05-04T09:27:24.741Z,-23.7882,-13.3991,10,4.7,mb,37,63,10.603,0.9,us,us6000svkh,2026-05-28T08:13:45.040Z,"southern Mid-Atlantic Ridge",earthquake,4.59,1.865,0.096,33,reviewed,us,us
2026-05-04T09:06:20.389Z,-29.4719,-68.0272,10,4.6,mb,32,70,1.867,0.94,us,us7000si40,2026-05-28T06:09:19.040Z,"61 km WSW of Chilecito, Argentina",earthquake,5.23,1.926,0.207,7,reviewed,us,us
2026-05-04T08:22:01.592Z,-26.9994,-71.2877,17.389,4.7,mwr,66,139,0.403,0.63,us,us7000si3t,2026-05-28T11:10:35.040Z,"103 km WNW of Copiapó, Chile",earthquake,4.02,3.977,0.061,26,reviewed,us,us
2026-05-04T06:41:06.686Z,-4.2366,152.7379,67.58,4.7,mb,40,95,0.574,0.62,us,us7000si3e,2026-05-28T07:08:47.040Z,"53 km ENE of Kokopo, Papua New Guinea",earthquake,10.58,6.9,0.093,35,reviewed,us,us
2026-05-04T06:09:47.173Z,11.7423,125.3411,43,6,mww,306,13,4.649,0.52,us,us7000si2z,2026-05-28T08:31:59.721Z,"8 km WSW of Nena, Philippines",earthquake,7.98,1.85,0.052,36,reviewed,us,us
2026-05-04T05:55:42.308Z,38.6216,73.7438,106.076,4.5,mb,101,39,1.035,0.54,us,us7000si2w,2026-05-28T08:37:19.040Z,"53 km NNW of Murghob, Tajikistan",earthquake,6.33,6.344,0.059,86,reviewed,us,us
2026-05-04T05:42:39.479Z,-32.7235,-178.6234,35,4.5,mb,12,170,3.518,0.73,us,us6000sxfw,2026-05-28T12:30:33.040Z,"south of the Kermadec Islands",earthquake,12.11,1.993,0.191,8,reviewed,us,us
2026-05-04T03:37:08.558Z,3.0874,126.507,52.712,4.7,mb,66,90,4.062,1.28,us,us7000si2c,2026-05-27T01:53:21.040Z,"224 km NW of Tobelo, Indonesia",earthquake,11.57,7.208,0.075,54,reviewed,us,us
2026-05-03T20:55:00.018Z,3.6792,126.8358,51.654,4.5,mb,32,124,3.593,0.79,us,us7000si0r,2026-05-17T14:55:52.040Z,"244 km SE of Sarangani, Philippines",earthquake,8.99,7.32,0.099,30,reviewed,us,us
2026-05-03T19:20:09.519Z,54.1507,-162.8952,41.255,4.6,mwr,86,151,0.7,1.01,us,us7000si08,2026-05-16T15:54:00.040Z,"85 km SSE of False Pass, Alaska",earthquake,4.63,6.174,0.059,28,reviewed,us,us
2026-05-03T18:39:57.869Z,41.3308,83.9777,10,4.6,mb,76,93,3.883,0.61,us,us7000si03,2026-05-16T15:47:42.040Z,"97 km ESE of Kuqa, China",earthquake,7.58,1.828,0.066,68,reviewed,us,us
2026-05-03T16:51:55.062Z,1.0726,126.7291,53.18,4.6,mb,47,92,6.067,0.65,us,us7000shzi,2026-05-14T19:24:05.040Z,"79 km WNW of Ternate, Indonesia",earthquake,9.82,7.654,0.083,44,reviewed,us,us
2026-05-03T16:36:11.891Z,-18.5701,-175.6284,265.157,4.6,mb,47,53,4.866,0.88,us,us7000shze,2026-05-14T19:17:31.040Z,"173 km W of Neiafu, Tonga",earthquake,11.39,7.576,0.054,102,reviewed,us,us
2026-05-03T16:18:54.151Z,24.8291,123.2581,140.564,4.9,mb,77,66,0.425,1.16,us,us7000shza,2026-05-14T19:10:32.040Z,"47 km NNE of Yonakuni, Japan",earthquake,7.5,4.931,0.036,239,reviewed,us,us
2026-05-03T10:00:34.627Z,42.1818,88.1975,10,5.1,mb,102,40,6.252,0.63,us,us7000shy4,2026-05-26T14:18:25.040Z,"117 km SW of Turpan, China",earthquake,8.97,1.809,0.041,192,reviewed,us,us
2026-05-03T07:07:10.391Z,28.9796,142.554,10,4.5,mb,44,128,7.889,0.53,us,us7000shxg,2026-05-14T09:04:20.040Z,"Bonin Islands, Japan region",earthquake,12.44,1.906,0.068,63,reviewed,us,us
2026-05-03T06:57:42.701Z,1.4364,126.2841,35,4.8,mb,57,92,7.367,0.88,us,us7000shxd,2026-05-14T09:02:17.040Z,"128 km E of Bitung, Indonesia",earthquake,7.37,1.836,0.08,49,reviewed,us,us
2026-05-03T04:40:18.713Z,-4.6701,152.8769,10,4.6,mb,20,125,0.856,0.84,us,us7000shwv,2026-05-23T23:24:52.040Z,"76 km ESE of Kokopo, Papua New Guinea",earthquake,4.86,1.911,0.129,18,reviewed,us,us
2026-05-03T00:58:43.776Z,-5.9862,152.2224,10,4.5,mb,30,89,1.784,0.9,us,us6000sx5m,2026-05-16T04:08:07.040Z,"181 km S of Kokopo, Papua New Guinea",earthquake,5.43,1.868,0.115,24,reviewed,us,us
2026-05-03T00:13:54.659Z,-27.6736,-176.8638,27.904,4.5,mb,19,137,1.825,0.95,us,us6000svjx,2026-05-18T00:08:03.040Z,"Kermadec Islands region",earthquake,8.53,5.391,0.131,17,reviewed,us,us
2026-05-02T21:19:12.865Z,-37.4519,178.2764,35,5.1,mww,40,121,1.548,1.04,us,us7000shut,2026-05-18T00:02:21.502Z,"16 km N of Hicks Bay, New Zealand",earthquake,8.08,1.9,0.083,14,reviewed,us,us
2026-05-02T20:29:54.091Z,-15.0835,-175.5446,10,4.6,mb,31,111,2.61,0.69,us,us7000shup,2026-05-11T16:49:45.040Z,"210 km SSE of Mata-Utu, Wallis and Futuna",earthquake,9.38,1.883,0.108,26,reviewed,us,us
2026-05-02T19:50:46.388Z,-63.0509,146.0546,10,4.6,mb,21,161,14.405,0.73,us,us7000shyf,2026-05-16T14:24:19.040Z,"south of Australia",earthquake,12.93,1.893,0.125,19,reviewed,us,us
2026-05-02T16:12:19.537Z,16.6596,-48.0834,10,4.5,mb,94,119,11.628,0.74,us,us7000shxy,2026-05-27T15:51:57.040Z,"North Atlantic Ocean",earthquake,10.99,1.896,0.059,86,reviewed,us,us
2026-05-02T15:00:32.065Z,-9.7524,107.9878,10,4.6,mb,32,122,2.299,0.8,us,us7000shtq,2026-05-27T15:16:43.040Z,"250 km SSW of Cilacap, Indonesia",earthquake,6.63,1.63,0.105,27,reviewed,us,us
