id	format	path	source_type	source_id	license_status	license_review_status	privacy	size_class	features	expected_signals	quality_tier	original_url	local_cache_path	notes	proposed_rel_path	migration_action	migration_note	quality_tags	quality_note	proposed_expected_fail	proposed_skip_reason	validation_view
docx_complex01_textbox_inline	docx	external_accurate/docx/openxml-sdk/Complex01.docx	tool_fixture	openxml_sdk_tests	MIT	approved	external_cache	large	docx;accurate;textbox;notes_appendix	no_empty_output;contains:Eric White<br>This is my interesting abstract.;contains:Here is a text box.;max_count:## Text Boxes=0;order:Eric White<br>This is my interesting abstract.|Here is a text box.	gate	https://github.com/dotnet/Open-XML-SDK/blob/main/test/DocumentFormat.OpenXml.Tests.Assets/assets/TestFiles/Complex01.docx	external_accurate/docx/openxml-sdk	Open XML SDK complex DOCX accurate guard; requires textbox content to stay in the body flow instead of falling back to the legacy appendix path.								markdown
docx_svg_alternate_content_debug	docx	external_accurate/docx/openxml-sdk/svg.docx	tool_fixture	openxml_sdk_tests	MIT	approved	external_cache	small	docx;accurate;alternate_content;asset_export	no_empty_output;contains:docx_alternate_content_restore;contains:docx_notes_appendix;contains:assets/image01.png	gate	https://github.com/dotnet/Open-XML-SDK/blob/main/test/DocumentFormat.OpenXml.Tests.Assets/assets/TestFiles/svg.docx	external_accurate/docx/openxml-sdk	Open XML SDK SVG-backed DOCX accurate debug guard; keeps AlternateContent evidence visible in the applied accurate feature metrics.								debug
docx_textbox_basic_repo_accurate_counts	docx	external_accurate/repo_local/docx/docx_textbox_basic.docx	tool_fixture	markitdown_repo_office_samples	Apache-2.0	approved	repo_tracked	small	docx;textbox;accurate;repo_sample;count_guard	no_empty_output;exact_count:Body before.=1;exact_count:Text box body.=1;exact_count:Body after.=1;max_count:## Text Boxes=0;order:Body before.|Text box body.|Body after.	gate	https://github.com/ZSeanYves/markitdown/blob/main/external_accurate/repo_local/docx/docx_textbox_basic.docx	external_accurate/repo_local/docx	Local-only repo DOCX accurate guard on textbox anchoring; catches fallback appendix emission and keeps the anchored textbox text in body reading order.								markdown
xlsx_hidden_sheets_apache_poi_accurate	xlsx	external_accurate/xlsx/apache-poi/TwoSheetsOneHidden.xlsx	tool_fixture	apache_poi_tests	Apache-2.0	approved	external_cache	small	xlsx;accurate;hidden_sheet	no_empty_output;contains_all:## Sheet1|Sheet1A1|## Sheet2|Sheet2A1;order:## Sheet1|Sheet1A1|## Sheet2|Sheet2A1;max_count:(empty sheet)=0	gate	https://github.com/apache/poi/blob/trunk/test-data/spreadsheet/TwoSheetsOneHidden.xlsx	external_accurate/xlsx/apache-poi	Apache POI hidden-sheet accurate guard; requires the hidden sheet to materialize ahead of the visible sheet content.								markdown
xlsx_hidden_rows_apache_poi_accurate	xlsx	external_accurate/xlsx/apache-poi/GroupTest.xlsx	tool_fixture	apache_poi_tests	Apache-2.0	approved	external_cache	small	xlsx;accurate;hidden_rows	no_empty_output;exact_count:| inner |=10;exact_count:| expanded |=7;exact_count:| collapsed |=8;table_marker;order:## Sheet1|inner|expanded|collapsed	gate	https://github.com/apache/poi/blob/trunk/test-data/spreadsheet/GroupTest.xlsx	external_accurate/xlsx/apache-poi	Apache POI grouped-row accurate guard; requires hidden grouped rows to stay visible on the accurate path.								markdown
xlsx_merged_spans_xlsxwriter_accurate	xlsx	external_accurate/xlsx/xlsxwriter/generated/merge1.xlsx	tool_fixture	xlsxwriter_examples	BSD-2-Clause	approved	external_cache	small	xlsx;accurate;merged_cells;spans	no_empty_output;contains_all:<table>|<th colspan="3">Merged Range</th>|<td rowspan="2" colspan="3">Merged Range</td>;max_count:| Merged Range |=0;order:<table>|<th colspan="3">Merged Range</th>|<td rowspan="2" colspan="3">Merged Range</td>|</table>	gate	https://github.com/jmcnamara/XlsxWriter/blob/main/examples/merge1.py	external_accurate/xlsx/xlsxwriter	Accurate merged-span guard on the XlsxWriter merge example; requires span-aware HTML output instead of duplicated one-column Markdown.								markdown
xlsx_hidden_sheets_policy_repo_accurate_counts	xlsx	external_accurate/repo_local/xlsx/xlsx_hidden_sheets_policy.xlsx	tool_fixture	markitdown_repo_office_samples	Apache-2.0	approved	repo_tracked	small	xlsx;hidden_sheet;accurate;repo_sample;count_guard	no_empty_output;exact_count:## Visible=1;exact_count:## HiddenData=1;exact_count:## VeryHiddenAudit=1;exact_count:| Public | Value |=1;exact_count:| secret |=1;exact_count:| classification | veryHidden |=1;max_count:(empty sheet)=0;table_marker;order:## Visible|alpha|## HiddenData|secret|## VeryHiddenAudit|classification	gate	https://github.com/ZSeanYves/markitdown/blob/main/external_accurate/repo_local/xlsx/xlsx_hidden_sheets_policy.xlsx	external_accurate/repo_local/xlsx	Local-only repo XLSX accurate guard on hidden-sheet policy; catches regressions back to visible-only output and requires very-hidden sheet materialization.								markdown
pptx_group_summary_python_pptx_accurate	pptx	external_accurate/pptx/python-pptx/shp-groupshape.pptx	tool_fixture	python_pptx_tests	MIT	approved	external_cache	small	pptx;accurate;group_summary	no_empty_output;contains:[PPTX grouped decorative shapes: Group 4;contains:children=3;max_count:[PPTX decorative shape omitted=0	gate	https://github.com/scanny/python-pptx	external_accurate/pptx/python-pptx	python-pptx grouped-shape accurate guard; collapses decorative child shapes into one group summary marker.								markdown
pptx_reading_order_python_pptx_accurate	pptx	external_accurate/pptx/python-pptx/test_slides.pptx	tool_fixture	python_pptx_tests	MIT	approved	external_cache	medium	pptx;accurate;reading_order;visual_only	no_empty_output;contains:![slide-1-image-1](assets/image01.jpeg);contains:![slide-1-image-2](assets/image02.gif);contains:[PPTX visual-only objects omitted: connector: Straight Arrow Connector 14];not_contains:![slide-1-image-1](assets/image01.gif);order:Test text|Group test text|![slide-1-image-1](assets/image01.jpeg)|Box 1|Box 2|![slide-1-image-2](assets/image02.gif)	gate	https://github.com/scanny/python-pptx	external_accurate/pptx/python-pptx	python-pptx reading-order accurate guard; requires the recovered slide order and the current visual-only object summary marker.								markdown
pptx_notes_python_pptx_debug	pptx	external_accurate/pptx/python-pptx/sld-notes.pptx	tool_fixture	python_pptx_tests	MIT	approved	external_cache	small	pptx;accurate;notes	no_empty_output;contains:pptx_notes_appendix;contains:pptx_hidden_slide_semantics;contains:Speaker Notes	gate	https://github.com/scanny/python-pptx/blob/master/features/steps/test_files/sld-notes.pptx	external_accurate/pptx/python-pptx	python-pptx notes accurate debug guard; keeps the notes-path feature evidence visible on the debug surface.								debug
pptx_callout_blocks_basic_repo_accurate_counts	pptx	external_accurate/repo_local/pptx/pptx_callout_blocks_basic.pptx	tool_fixture	markitdown_repo_office_samples	Apache-2.0	approved	repo_tracked	small	pptx;reading_order;accurate;repo_sample;count_guard	no_empty_output;exact_count:### Release Notes=1;exact_count:Export=1;exact_count:Security=1;exact_count:Sharing=1;exact_count:Markdown and PDF output=1;exact_count:Secure by default=1;exact_count:Team access controls=1;order:### Release Notes|Export|Security|Sharing|Markdown and PDF output|Secure by default|Team access controls	gate	https://github.com/ZSeanYves/markitdown/blob/main/external_accurate/repo_local/pptx/pptx_callout_blocks_basic.pptx	external_accurate/repo_local/pptx	Local-only repo PPTX accurate guard on callout reading-order recovery; catches regressions back to source-order emission.								markdown
odt_annotation_debug	odt	external_accurate/odt/odf-toolkit/_annotation.odt	tool_fixture	odf_toolkit_tests	Apache-2.0	approved	external_cache	small	odt;accurate;comments_appendix	no_empty_output;contains:odt_comments_appendix;contains:odt_rich_notes;contains:YEAH!!!	gate	https://github.com/tdf/odftoolkit/blob/master/odfdom/src/test/resources/test-input/_annotation.odt	external_accurate/odt/odf-toolkit	ODF Toolkit annotation accurate debug guard; keeps comment-appendix and rich-note evidence visible in the debug metrics.								debug
odt_footnote_debug	odt	external_accurate/odt/odf-toolkit/footnote.odt	tool_fixture	odf_toolkit_tests	Apache-2.0	approved	external_cache	small	odt;accurate;rich_notes	no_empty_output;contains:odt_rich_notes;contains:odt_comments_appendix;contains:A footnote?	gate	https://github.com/tdf/odftoolkit/blob/master/odfdom/src/test/resources/test-input/footnote.odt	external_accurate/odt/odf-toolkit	ODF Toolkit note accurate debug guard; keeps rich-note feature evidence visible on the debug surface.								debug
ods_covered_spans_markdown	ods	external_accurate/ods/odf-toolkit/MergedCells.ods	tool_fixture	odf_toolkit_tests	Apache-2.0	approved	external_cache	small	ods;accurate;covered_cell_spans	no_empty_output;contains_all:<table>|rowspan="6">a</th>|rowspan="9" colspan="5">b</td>|colspan="5">c</td>;max_count:| a |=0	gate	https://github.com/tdf/odftoolkit/blob/master/odfdom/src/test/resources/test-input/MergedCells.ods	external_accurate/ods/odf-toolkit	ODF Toolkit merged-cells accurate guard; requires covered-cell spans to lower as HTML table spans instead of the balanced flat table.								markdown
odp_slide_summary_debug	odp	external_accurate/odp/odf-toolkit/SlideTest1.odp	tool_fixture	odf_toolkit_tests	Apache-2.0	approved	external_cache	small	odp;accurate;slide_summary	no_empty_output;contains:odp_slide_summary;contains:odp_notes_appendix;contains:[Slide 1]	gate	https://github.com/tdf/odftoolkit/blob/master/odfdom/src/test/resources/test-input/SlideTest1.odp	external_accurate/odp/odf-toolkit	ODF Toolkit single-slide accurate debug guard; keeps slide-summary feature evidence visible on the debug surface.								debug
odp_presentation_debug	odp	external_accurate/odp/odf-toolkit/presentation.odp	tool_fixture	odf_toolkit_tests	Apache-2.0	approved	external_cache	medium	odp;accurate;notes_appendix	no_empty_output;contains:odp_notes_appendix;contains:odp_slide_summary;contains:slide-name-2	gate	https://github.com/tdf/odftoolkit/blob/master/odfdom/src/test/resources/test-input/presentation.odp	external_accurate/odp/odf-toolkit	ODF Toolkit multi-slide accurate debug guard; keeps notes-path feature evidence visible on the debug surface.								debug
ocr_commons_layout_debug	ocr	external_accurate/ocr/commons/samples/layout/ocr_layout_commons_daily_exchange_0001.jpg	wikimedia_commons	ocr_src_0028	Public domain	approved	external_cache	medium	ocr;accurate;provider_truth;layout	no_empty_output;contains:ocr_provider_name;contains:paddle_ocr;contains:jpg_canonical_layout_two_stage;contains:THE DAILY EXCHANGE.;not_contains:image_ocr_provider_fallback	gate	https://commons.wikimedia.org/wiki/File%3AImage_579x817_from_0%2C8_to_7224%2C10200.jpg	external_accurate/ocr/commons	Commons daily-exchange image accurate debug guard; proves that the direct-image accurate path used PaddleOCR instead of falling back.								debug
pdf_irs_w4_born_digital_provenance	pdf	external_accurate/pdf/irs/samples/forms/pdf_form_irs_fw4_0001.pdf	government_public	irs_forms_public	USGov-PD-reviewed	approved	external_cache	medium	pdf;accurate;born_digital;layout_two_stage;provenance	no_empty_output;contains_all:layout_two_stage|pdf_accurate_layout_two_stage|pdf_accurate;not_contains:image_ocr_provider_fallback;not_contains:pdf_canonical_page_single_pass	gate	https://www.irs.gov/pub/irs-pdf/fw4.pdf	external_accurate/pdf/irs	IRS W-4 accurate provenance guard on the canonical accurate PDF route; proves that born-digital accurate PDF still uses the LayoutTwoStage contract while healthy native-text pages can stay native without forced Paddle OCR.								provenance
pdf_niosh_scanned_like_debug	pdf	external_accurate/pdf/niosh/samples/manuals/pdf_manual_niosh_2023_113_0001.pdf	government_public	niosh_publications	public_domain	approved	external_cache	large	pdf;accurate;scanned_like;layout_two_stage;provider_truth	no_empty_output;contains_all:layout_two_stage|pdf_accurate_layout_two_stage|pdf_accurate|paddle_ocr|Safety and Health at work;not_contains:image_ocr_provider_fallback	gate	https://www.cdc.gov/niosh/docs/2023-113/2023-113.pdf	external_accurate/pdf/niosh	NIOSH accurate debug guard on the canonical accurate PDF route; keeps the Paddle-backed layout path explicit without relying on the removed scanned-like auto-upgrade contract.								debug
pdf_ocr_single_page_repo_accurate	pdf	external_accurate/repo_local/pdf/ocr/pdf_ocr_single_page.pdf	tool_fixture	markitdown_repo_pdf_samples	Apache-2.0	approved	repo_tracked	small	pdf;accurate;pdf_ocr;repo_sample;layout_two_stage	no_empty_output;contains_all:MoonBit OCR|Sample 123;exact_count:MoonBit OCR=1;exact_count:Sample 123=1	gate	https://github.com/ZSeanYves/markitdown/tree/main/markitdown-quality-lab/external_accurate/repo_local/pdf/ocr	external_accurate/repo_local/pdf/ocr	Local-only repo single-page scanned PDF accurate guard; keeps the dedicated accurate PDF OCR route anchored to a tiny deterministic OCR sample with stable visible text recovery.								markdown
pdf_ocr_two_page_repo_accurate	pdf	external_accurate/repo_local/pdf/ocr/pdf_ocr_two_page.pdf	tool_fixture	markitdown_repo_pdf_samples	Apache-2.0	approved	repo_tracked	small	pdf;accurate;pdf_ocr;repo_sample;layout_two_stage;multi_page	no_empty_output;contains_all:MoonBit OCR|Sample 123;exact_count:MoonBit OCR=2;exact_count:Sample 123=2;order:MoonBit OCR|Sample 123|MoonBit OCR|Sample 123	gate	https://github.com/ZSeanYves/markitdown/tree/main/markitdown-quality-lab/external_accurate/repo_local/pdf/ocr	external_accurate/repo_local/pdf/ocr	Local-only repo two-page scanned PDF accurate guard; keeps multi-page OCR aggregation on the canonical accurate PDF route with stable visible text ordering.								markdown
