bench_id	format	source_group	size_class	target_rel_path	landing_url	source_url	license_id	license_url	terms_url	bench_layers	enabled_tier	review_status	download_status	notes
pdf_irs_p17	pdf	irs_publications	medium	pdf/irs_publications/medium/p17.pdf	https://www.irs.gov/forms-pubs/about-publication-17	https://www.irs.gov/pub/irs-pdf/p17.pdf	LicenseRef-US-Gov-Public-Domain	https://www.usa.gov/government-copyright		convert;cli;compare	disabled	reviewed_candidate	reused	Smoke moved to smaller Form 1040 because Pub 17 is too slow for matrix compare.
pdf_irs_f1040	pdf	irs_publications	small	pdf/irs_publications/small/f1040.pdf	https://www.irs.gov/forms-pubs/about-form-1040	https://www.irs.gov/pub/irs-pdf/f1040.pdf	LicenseRef-US-Gov-Public-Domain	https://www.usa.gov/government-copyright		convert;cli;compare	smoke	reviewed_candidate	reused	
pdf_irs_p15	pdf	irs_publications	medium	pdf/irs_publications/medium/p15.pdf	https://www.irs.gov/forms-pubs/about-publication-15	https://www.irs.gov/pub/irs-pdf/p15.pdf	LicenseRef-US-Gov-Public-Domain	https://www.usa.gov/government-copyright		convert;cli;compare	disabled	reviewed_candidate	reused	
pdf_nist_800_53r5	pdf	nist_publications	large	pdf/nist_publications/large/NIST.SP.800-53r5.pdf	https://csrc.nist.gov/publications/detail/sp/800-53/rev-5/final	https://nvlpubs.nist.gov/nistpubs/SpecialPublications/NIST.SP.800-53r5.pdf	LicenseRef-US-Gov-Public-Domain	https://www.usa.gov/government-copyright		convert;cli;compare	disabled	reviewed_candidate	reused	
pdf_nist_800_61r2	pdf	nist_publications	medium	pdf/nist_publications/medium/NIST.SP.800-61r2.pdf	https://csrc.nist.gov/publications/detail/sp/800-61/rev-2/final	https://nvlpubs.nist.gov/nistpubs/SpecialPublications/NIST.SP.800-61r2.pdf	LicenseRef-US-Gov-Public-Domain	https://www.usa.gov/government-copyright		convert;cli;compare	disabled	reviewed_candidate	reused	
pdf_nist_800_171r3	pdf	nist_publications	medium	pdf/nist_publications/medium/NIST.SP.800-171r3.pdf	https://csrc.nist.gov/publications/detail/sp/800-171/rev-3/final	https://nvlpubs.nist.gov/nistpubs/SpecialPublications/NIST.SP.800-171r3.pdf	LicenseRef-US-Gov-Public-Domain	https://www.usa.gov/government-copyright		convert;cli;compare	disabled	reviewed_candidate	reused	
pdf_nist_800_207	pdf	nist_publications	medium	pdf/nist_publications/medium/NIST.SP.800-207.pdf	https://csrc.nist.gov/publications/detail/sp/800-207/final	https://nvlpubs.nist.gov/nistpubs/SpecialPublications/NIST.SP.800-207.pdf	LicenseRef-US-Gov-Public-Domain	https://www.usa.gov/government-copyright		convert;cli;compare	disabled	reviewed_candidate	reused	
pdf_nist_800_218	pdf	nist_publications	medium	pdf/nist_publications/medium/NIST.SP.800-218.pdf	https://csrc.nist.gov/publications/detail/sp/800-218/final	https://nvlpubs.nist.gov/nistpubs/SpecialPublications/NIST.SP.800-218.pdf	LicenseRef-US-Gov-Public-Domain	https://www.usa.gov/government-copyright		convert;cli;compare	disabled	reviewed_candidate	reused	
pdf_nist_ai_rmf	pdf	nist_publications	medium	pdf/nist_publications/medium/NIST.AI.100-1.pdf	https://www.nist.gov/itl/ai-risk-management-framework	https://nvlpubs.nist.gov/nistpubs/ai/NIST.AI.100-1.pdf	LicenseRef-US-Gov-Public-Domain	https://www.usa.gov/government-copyright		convert;cli;compare	disabled	reviewed_candidate	reused	
pdf_govinfo_budget_2025	pdf	govinfo	large	pdf/govinfo/large/BUDGET-2025-BUD.pdf	https://www.govinfo.gov/app/details/BUDGET-2025-BUD	https://www.govinfo.gov/content/pkg/BUDGET-2025-BUD/pdf/BUDGET-2025-BUD.pdf	LicenseRef-US-Gov-Public-Domain	https://www.usa.gov/government-copyright		convert;cli;compare	disabled	reviewed_candidate	catalog_only	Catalog only for now; large govinfo PDF left out of default download.
docx_rail_cif_notes	docx	opendatani	medium	docx/opendatani/medium/rail-cif-file-supplementary-notes.docx	https://www.data.gov.uk/dataset/e41b1057-b0bd-4419-95eb-77057c8ad6b0/nir20160126v2	https://admin.opendatani.gov.uk/dataset/e41b1057-b0bd-4419-95eb-77057c8ad6b0/resource/00dc6365-8b56-434f-8889-a39582a2eec6/download/rail-cif-file-supplementary-notes.docx	OGL-UK-3.0	https://www.nationalarchives.gov.uk/doc/open-government-licence/version/3/		convert;cli;compare	disabled	reviewed_candidate	catalog_only	FETCH_BLOCKED in this environment; kept as catalog candidate.
docx_ulsterbus_cif_notes	docx	opendatani	small	docx/opendatani/small/ulsterbus-cif-file-supplementary-notes.docx	https://www.data.gov.uk/dataset/c1acee5b-a400-46bd-a795-9bf7637ff879/ulsterbus-and-goldline-timetable-data-from-28-june-31-august-2016	https://admin.opendatani.gov.uk/dataset/c1acee5b-a400-46bd-a795-9bf7637ff879/resource/7b195748-c3f9-4970-b0fb-90a194f7e3b3/download/bus-cif-file-supplementary-notes.docx	OGL-UK-3.0	https://www.nationalarchives.gov.uk/doc/open-government-licence/version/3/		convert;cli;compare	disabled	reviewed_candidate	catalog_only	FETCH_BLOCKED in this environment; kept as catalog candidate.
docx_metro_cif_notes	docx	opendatani	small	docx/opendatani/small/metro-cif-file-supplementary-notes.docx	https://www.data.gov.uk/dataset/6d9677cf-8d03-4851-985c-16f73f7dd5fb/metro-timetable-data-valid-from-18-june-until-31-august-2016	https://admin.opendatani.gov.uk/dataset/6d9677cf-8d03-4851-985c-16f73f7dd5fb/resource/1a72b4c1-48a4-4dd9-a1ee-2de4bba281bc/download/bus-cif-file-supplementary-notes.docx	OGL-UK-3.0	https://www.nationalarchives.gov.uk/doc/open-government-licence/version/3/		convert;cli;compare	disabled	reviewed_candidate	catalog_only	FETCH_BLOCKED in this environment; kept as catalog candidate.
docx_bus_stop_defs	docx	opendatani	tiny	docx/opendatani/tiny/definitions-of-headings-of-translink-bus-stop-list-table.docx	https://www.data.gov.uk/dataset/495c6964-e8d2-4bf1-9942-8d950b3a0ceb/translink-bus-stop-list	https://admin.opendatani.gov.uk/dataset/495c6964-e8d2-4bf1-9942-8d950b3a0ceb/resource/169d8ffa-79bd-46bd-b6be-931cd46d6842/download/definitions-of-headings-of-translink-bus-stop-list-table.docx	OGL-UK-3.0	https://www.nationalarchives.gov.uk/doc/open-government-licence/version/3/		convert;cli;compare	disabled	reviewed_candidate	catalog_only	FETCH_BLOCKED in this environment; kept as catalog candidate.
docx_dvla_user_guide	docx	opendatani	medium	docx/opendatani/medium/driving-licence-data-user-guide-sep-2017.docx	https://www.data.gov.uk/dataset/d0be1ed2-9907-4ec4-b552-c048f6aec16a/driving-licence-data	https://data.dft.gov.uk/driving-licence-data/driving-licence-data-user-guide-sep-2017.docx	OGL-UK-3.0	https://www.nationalarchives.gov.uk/doc/open-government-licence/version/3/		convert;cli;compare	smoke	reviewed_candidate	reused	
docx_manchester_parking_metadata	docx	opendatani	small	docx/opendatani/small/parking_spaces_2018_metadata.docx	https://www.data.gov.uk/dataset/79c34ee5-b548-4461-800c-c6b3ce6865bb/http-www-manchester-gov-uk-open-download-downloads-id-712-parking_spaces_2017-csv	http://www.manchester.gov.uk/open/download/downloads/id/562/parking_spaces_2018_metadata.docx	OGL-UK-3.0	https://www.nationalarchives.gov.uk/doc/open-government-licence/version/3/		convert;cli;compare	disabled	reviewed_candidate	catalog_only	FETCH_BLOCKED in this environment; kept as catalog candidate.
docx_trade_union_2020	docx	opendatani	small	docx/opendatani/small/trade_union_facility_time_2020_metadata.docx	https://www.data.gov.uk/dataset/6ed20c3e-f8be-4ad4-b49c-9c655daab4ae/public-sector-facility-time-publication	http://open.manchester.gov.uk/download/downloads/id/928/trade_union_facility_time_2020_metadata.docx	OGL-UK-3.0	https://www.nationalarchives.gov.uk/doc/open-government-licence/version/3/		convert;cli;compare	disabled	reviewed_candidate	catalog_only	FETCH_BLOCKED in this environment; kept as catalog candidate.
docx_trade_union_2022	docx	opendatani	small	docx/opendatani/small/trade_union_facility_time_2022.docx	https://www.data.gov.uk/dataset/6ed20c3e-f8be-4ad4-b49c-9c655daab4ae/public-sector-facility-time-publication	https://www.manchester.gov.uk/open/downloads/download/163/trade_union_facility_time	OGL-UK-3.0	https://www.nationalarchives.gov.uk/doc/open-government-licence/version/3/		convert;cli;compare	disabled	reviewed_candidate	catalog_only	FETCH_BLOCKED in this environment; kept as catalog candidate.
docx_trade_union_2023	docx	opendatani	small	docx/opendatani/small/trade_union_facility_time_2023.docx	https://www.data.gov.uk/dataset/6ed20c3e-f8be-4ad4-b49c-9c655daab4ae/public-sector-facility-time-publication	https://open.manchester.gov.uk/downloads/file/1160/trade_union_facility_time_2023	OGL-UK-3.0	https://www.nationalarchives.gov.uk/doc/open-government-licence/version/3/		convert;cli;compare	disabled	reviewed_candidate	catalog_only	FETCH_BLOCKED in this environment; kept as catalog candidate.
docx_trade_union_2024	docx	opendatani	small	docx/opendatani/small/trade_union_facility_time_2024.docx	https://www.data.gov.uk/dataset/6ed20c3e-f8be-4ad4-b49c-9c655daab4ae/public-sector-facility-time-publication	https://www.manchester.gov.uk/open/downloads/download/187/trade_union_facility_time_2024	OGL-UK-3.0	https://www.nationalarchives.gov.uk/doc/open-government-licence/version/3/		convert;cli;compare	disabled	reviewed_candidate	catalog_only	FETCH_BLOCKED in this environment; kept as catalog candidate.
pptx_staff_officer	pptx	opendatani	medium	pptx/opendatani/medium/staff-officer-irc241559-final.pptx	https://www.data.gov.uk/dataset/e7d8e911-bf68-472b-bf9c-3a337cf152e0/irc241559-staff-officer-so-external-recruitment-campaign-section-75-data	https://admin.opendatani.gov.uk/dataset/e7d8e911-bf68-472b-bf9c-3a337cf152e0/resource/fd6e9f25-0ecf-4268-a47c-89d21ed26f54/download/staff-officer---irc241559---final.pptx	OGL-UK-3.0	https://www.nationalarchives.gov.uk/doc/open-government-licence/version/3/		convert;cli;compare	disabled	reviewed_candidate	catalog_only	FETCH_BLOCKED in this environment; kept as catalog candidate.
pptx_deputy_principal	pptx	opendatani	medium	pptx/opendatani/medium/deputy-principal-irc241560.pptx	https://www.data.gov.uk/dataset/e0ccb98b-a255-43c0-b4a2-3ea3a473fdd1/irc241560-deputy-principal-dp-external-recruitment-campaign-data	https://admin.opendatani.gov.uk/dataset/e0ccb98b-a255-43c0-b4a2-3ea3a473fdd1/resource/bbde7f56-53e5-4a8f-beb4-6704335f9375/download/deputy-principal---irc241560.pptx	OGL-UK-3.0	https://www.nationalarchives.gov.uk/doc/open-government-licence/version/3/		convert;cli;compare	disabled	reviewed_candidate	catalog_only	FETCH_BLOCKED in this environment; kept as catalog candidate.
pptx_skills_academy	pptx	opendatani	medium	pptx/opendatani/medium/skills-academy-so-competition-irc284906.pptx	https://www.data.gov.uk/dataset/90fbe621-d564-48db-a1c4-3e9070b6d5ca/irc284906-skills-academy-so-competition-external-recruitment-campaign-data	https://admin.opendatani.gov.uk/dataset/90fbe621-d564-48db-a1c4-3e9070b6d5ca/resource/e418a83e-5db1-4d47-b16f-10a3262a4c3f/download/skills-academy-so-competition-irc284906-.pptx	OGL-UK-3.0	https://www.nationalarchives.gov.uk/doc/open-government-licence/version/3/		convert;cli;compare	disabled	reviewed_candidate	catalog_only	FETCH_BLOCKED in this environment; kept as catalog candidate.
pptx_student_placement_2022	pptx	opendatani	medium	pptx/opendatani/medium/student-placement-irc-275819.pptx	https://www.data.gov.uk/dataset/beb9ee30-d015-43e3-8ae7-cb33a1de626b/nics-student-placement-external-recruitment-campaign-data-irc-275819	https://admin.opendatani.gov.uk/dataset/beb9ee30-d015-43e3-8ae7-cb33a1de626b/resource/e974733b-46ec-4cdb-882f-299b1c3b054e/download/student-placement-competition--irc-275819.pptx	OGL-UK-3.0	https://www.nationalarchives.gov.uk/doc/open-government-licence/version/3/		convert;cli;compare	disabled	reviewed_candidate	catalog_only	FETCH_BLOCKED in this environment; kept as catalog candidate.
pptx_operational_apprentice	pptx	opendatani	medium	pptx/opendatani/medium/operational-delivery-apprentice.pptx	https://www.data.gov.uk/dataset/e0c7d95f-6589-4f63-a5aa-bda297be0895/irc269650-nics-operational-delivery-apprentice-scheme-external-recruitment-campaign-data	https://www.opendatani.gov.uk/dataset/e0c7d95f-6589-4f63-a5aa-bda297be0895/resource/c1fd7c08-93d7-45bb-ba35-ff32424beeb2/download/completed-stages-of-operational-delivery-apprentice-comp---with-tables--extra-offer.pptx	OGL-UK-3.0	https://www.nationalarchives.gov.uk/doc/open-government-licence/version/3/		convert;cli;compare	disabled	reviewed_candidate	catalog_only	FETCH_BLOCKED in this environment; kept as catalog candidate.
pptx_so_275969	pptx	opendatani	medium	pptx/opendatani/medium/so-completed-stages-with-tables.pptx	https://www.data.gov.uk/dataset/e1bd774e-bda7-42dc-bd49-0b38caef283b/irc275969-staff-officer-so-external-recruitment-campaign-data	https://www.opendatani.gov.uk/dataset/e1bd774e-bda7-42dc-bd49-0b38caef283b/resource/560f8a2a-8c86-475d-ba07-d0abee6f087d/download/so---completed-stages-with-tables.pptx	OGL-UK-3.0	https://www.nationalarchives.gov.uk/doc/open-government-licence/version/3/		convert;cli;compare	disabled	reviewed_candidate	catalog_only	FETCH_BLOCKED in this environment; kept as catalog candidate.
pptx_eo_265817	pptx	opendatani	medium	pptx/opendatani/medium/completed-stages-of-eoi-and-eoii.pptx	https://www.data.gov.uk/dataset/f458b041-ab57-413a-a925-ad0953138d3a/irc265817-executive-officer-2	https://www.opendatani.gov.uk/dataset/f458b041-ab57-413a-a925-ad0953138d3a/resource/dad7b2ce-e37b-483a-90d9-db8d6fcf05b8/download/completed-stages-of-eoi-and-eoii.pptx	OGL-UK-3.0	https://www.nationalarchives.gov.uk/doc/open-government-licence/version/3/		convert;cli;compare	disabled	reviewed_candidate	catalog_only	FETCH_BLOCKED in this environment; kept as catalog candidate.
pptx_nhs_diabetes	pptx	nhs_digital	large	pptx/nhs_digital/large/NDA_DPP_MainReport_1718_1.1.pptx	https://www.data.gov.uk/dataset/314fb958-a5b9-43b2-95aa-38113a5e52d3/national-diabetes-audit-diabetes-prevention-programme-2017-18-diagnoses-and-demographics	https://files.digital.nhs.uk/A6/CD0E5A/NDA_DPP_MainReport_1718_1.1.pptx	CC-BY-4.0	https://creativecommons.org/licenses/by/4.0/		convert;cli;compare	disabled	reviewed_candidate	reused	
pptx_ao_2019	pptx	opendatani	medium	pptx/opendatani/medium/completed-stages-of-ao-with-tables.pptx	https://www.data.gov.uk/dataset/52f3bf19-6073-48b5-bf5f-1260bb7ae7a9/irc240709-administrative-officer-ao-external-recruitment-2019-20	https://www.opendatani.gov.uk/dataset/52f3bf19-6073-48b5-bf5f-1260bb7ae7a9/resource/eb2b492b-900b-4740-a6a3-88dcac799915/download/completed-stages-of-ao---with-tables.pptx	OGL-UK-3.0	https://www.nationalarchives.gov.uk/doc/open-government-licence/version/3/		convert;cli;compare	disabled	reviewed_candidate	catalog_only	FETCH_BLOCKED in this environment; kept as catalog candidate.
pptx_ecgd_orgchart	pptx	govuk_orgcharts	small	pptx/govuk_orgcharts/small/ecgd-structure-chart-march-2012.pptx	https://www.data.gov.uk/dataset/c06fa044-eafc-4ed8-8941-426c5ad03a6f/staff-organograms-and-pay-ecgd	https://www.gov.uk/government/uploads/system/uploads/attachment_data/file/190928/ecgd-structure-chart-march-2012.pptx	OGL-UK-3.0	https://www.nationalarchives.gov.uk/doc/open-government-licence/version/3/		convert;cli;compare	smoke	reviewed_candidate	reused	
xlsx_ons_mye24	xlsx	ons	medium	xlsx/ons/medium/mye24tablesuk.xlsx	https://www.ons.gov.uk/peoplepopulationandcommunity/populationandmigration/populationestimates/datasets/populationestimatesforukenglandandwalesscotlandandnorthernireland	https://www.ons.gov.uk/file?uri=/peoplepopulationandcommunity/populationandmigration/populationestimates/datasets/populationestimatesforukenglandandwalesscotlandandnorthernireland/mid2024/mye24tablesuk.xlsx	OGL-UK-3.0	https://www.nationalarchives.gov.uk/doc/open-government-licence/version/3/		convert;cli;compare	smoke	reviewed_candidate	reused	
xlsx_ons_myeb_2011_2024	xlsx	ons	medium	xlsx/ons/medium/myebtablesuk20112024.xlsx	https://www.ons.gov.uk/peoplepopulationandcommunity/populationandmigration/populationestimates/datasets/populationestimatesforukenglandandwalesscotlandandnorthernireland	https://www.ons.gov.uk/file?uri=/peoplepopulationandcommunity/populationandmigration/populationestimates/datasets/populationestimatesforukenglandandwalesscotlandandnorthernireland/mid2011tomid2024/myebtablesuk20112024.xlsx	OGL-UK-3.0	https://www.nationalarchives.gov.uk/doc/open-government-licence/version/3/		convert;cli;compare	disabled	reviewed_candidate	reused	
xlsx_ons_ukpop_1838_2024	xlsx	ons	medium	xlsx/ons/medium/ukpopulationestimates18382024.xlsx	https://www.ons.gov.uk/peoplepopulationandcommunity/populationandmigration/populationestimates/datasets/populationestimatesforukenglandandwalesscotlandandnorthernireland	https://www.ons.gov.uk/file?uri=/peoplepopulationandcommunity/populationandmigration/populationestimates/datasets/populationestimatesforukenglandandwalesscotlandandnorthernireland/ukpopulationestimates1838to2024/ukpopulationestimates18382024.xlsx	OGL-UK-3.0	https://www.nationalarchives.gov.uk/doc/open-government-licence/version/3/		convert;cli;compare	disabled	reviewed_candidate	reused	
xlsx_ons_mye23	xlsx	ons	medium	xlsx/ons/medium/mye23tablesuk.xlsx	https://www.ons.gov.uk/peoplepopulationandcommunity/populationandmigration/populationestimates/datasets/populationestimatesforukenglandandwalesscotlandandnorthernireland	https://www.ons.gov.uk/file?uri=/peoplepopulationandcommunity/populationandmigration/populationestimates/datasets/populationestimatesforukenglandandwalesscotlandandnorthernireland/mid2023/mye23tablesuk.xlsx	OGL-UK-3.0	https://www.nationalarchives.gov.uk/doc/open-government-licence/version/3/		convert;cli;compare	disabled	reviewed_candidate	reused	
xlsx_ons_ukpop_1838_2023	xlsx	ons	medium	xlsx/ons/medium/ukpopulationestimates183820231.xlsx	https://www.ons.gov.uk/peoplepopulationandcommunity/populationandmigration/populationestimates/datasets/populationestimatesforukenglandandwalesscotlandandnorthernireland	https://www.ons.gov.uk/file?uri=/peoplepopulationandcommunity/populationandmigration/populationestimates/datasets/populationestimatesforukenglandandwalesscotlandandnorthernireland/ukpopulationestimates1838to2023/ukpopulationestimates183820231.xlsx	OGL-UK-3.0	https://www.nationalarchives.gov.uk/doc/open-government-licence/version/3/		convert;cli;compare	disabled	reviewed_candidate	reused	
xlsx_ons_myeb_2011_2022	xlsx	ons	medium	xlsx/ons/medium/myebtablesuk20112022.xlsx	https://www.ons.gov.uk/peoplepopulationandcommunity/populationandmigration/populationestimates/datasets/populationestimatesforukenglandandwalesscotlandandnorthernireland	https://www.ons.gov.uk/file?uri=/peoplepopulationandcommunity/populationandmigration/populationestimates/datasets/populationestimatesforukenglandandwalesscotlandandnorthernireland/mid2011tomid2022/myebtablesuk20112022.xlsx	OGL-UK-3.0	https://www.nationalarchives.gov.uk/doc/open-government-licence/version/3/		convert;cli;compare	disabled	reviewed_candidate	reused	
xlsx_ons_mye22	xlsx	ons	medium	xlsx/ons/medium/mye22final.xlsx	https://www.ons.gov.uk/peoplepopulationandcommunity/populationandmigration/populationestimates/datasets/populationestimatesforukenglandandwalesscotlandandnorthernireland	https://www.ons.gov.uk/file?uri=/peoplepopulationandcommunity/populationandmigration/populationestimates/datasets/populationestimatesforukenglandandwalesscotlandandnorthernireland/mid2022/mye22final.xlsx	OGL-UK-3.0	https://www.nationalarchives.gov.uk/doc/open-government-licence/version/3/		convert;cli;compare	disabled	reviewed_candidate	reused	
xlsx_ons_regional_1971_2020	xlsx	ons	medium	xlsx/ons/medium/regionalpopestimatesenglandandwales19712020.xlsx	https://www.ons.gov.uk/peoplepopulationandcommunity/populationandmigration/populationestimates/datasets/populationestimatesforukenglandandwalesscotlandandnorthernireland	https://www.ons.gov.uk/file?uri=/peoplepopulationandcommunity/populationandmigration/populationestimates/datasets/populationestimatesforukenglandandwalesscotlandandnorthernireland/mid2001tomid2020detailedtimeseries/regionalpopestimatesenglandandwales19712020.xlsx	OGL-UK-3.0	https://www.nationalarchives.gov.uk/doc/open-government-licence/version/3/		convert;cli;compare	disabled	reviewed_candidate	reused	
xlsx_ons_ukpop_1838_2020	xlsx	ons	medium	xlsx/ons/medium/ukpopulationestimates18382020.xlsx	https://www.ons.gov.uk/peoplepopulationandcommunity/populationandmigration/populationestimates/datasets/populationestimatesforukenglandandwalesscotlandandnorthernireland	https://www.ons.gov.uk/file?uri=/peoplepopulationandcommunity/populationandmigration/populationestimates/datasets/populationestimatesforukenglandandwalesscotlandandnorthernireland/mid2001tomid2020detailedtimeseries/ukpopulationestimates18382020.xlsx	OGL-UK-3.0	https://www.nationalarchives.gov.uk/doc/open-government-licence/version/3/		convert;cli;compare	disabled	reviewed_candidate	reused	
xlsx_ons_ukpop_1838_2019	xlsx	ons	medium	xlsx/ons/medium/ukpopulationestimates18382019.xlsx	https://www.ons.gov.uk/peoplepopulationandcommunity/populationandmigration/populationestimates/datasets/populationestimatesforukenglandandwalesscotlandandnorthernireland	https://www.ons.gov.uk/file?uri=/peoplepopulationandcommunity/populationandmigration/populationestimates/datasets/populationestimatesforukenglandandwalesscotlandandnorthernireland/mid2001tomid2019detailedtimeseries/ukpopulationestimates18382019.xlsx	OGL-UK-3.0	https://www.nationalarchives.gov.uk/doc/open-government-licence/version/3/		convert;cli;compare	disabled	reviewed_candidate	reused	
html_w3c_wcag22	html	w3c_specs	medium	html/w3c_specs/medium/wcag22.html	https://www.w3.org/TR/WCAG22/	https://www.w3.org/TR/WCAG22/	LicenseRef-W3C-Document-2023	https://www.w3.org/copyright/document-license-2023/		parser;convert;cli;compare	smoke	reviewed_candidate	reused	
html_w3c_svg2	html	w3c_specs	large	html/w3c_specs/large/svg2.html	https://www.w3.org/TR/SVG2/	https://www.w3.org/TR/SVG2/	LicenseRef-W3C-Document-2023	https://www.w3.org/copyright/document-license-2023/		parser;convert;cli;compare	disabled	reviewed_candidate	reused	
html_w3c_css_color4	html	w3c_specs	medium	html/w3c_specs/medium/css_color4.html	https://www.w3.org/TR/css-color-4/	https://www.w3.org/TR/css-color-4/	LicenseRef-W3C-Document-2023	https://www.w3.org/copyright/document-license-2023/		parser;convert;cli;compare	disabled	reviewed_candidate	reused	
html_w3c_css_grid2	html	w3c_specs	medium	html/w3c_specs/medium/css_grid2.html	https://www.w3.org/TR/css-grid-2/	https://www.w3.org/TR/css-grid-2/	LicenseRef-W3C-Document-2023	https://www.w3.org/copyright/document-license-2023/		parser;convert;cli;compare	disabled	reviewed_candidate	reused	
html_w3c_webaudio	html	w3c_specs	large	html/w3c_specs/large/webaudio.html	https://www.w3.org/TR/webaudio/	https://www.w3.org/TR/webaudio/	LicenseRef-W3C-Document-2023	https://www.w3.org/copyright/document-license-2023/		parser;convert;cli;compare	disabled	reviewed_candidate	reused	
html_w3c_uievents	html	w3c_specs	medium	html/w3c_specs/medium/uievents.html	https://www.w3.org/TR/uievents/	https://www.w3.org/TR/uievents/	LicenseRef-W3C-Document-2023	https://www.w3.org/copyright/document-license-2023/		parser;convert;cli;compare	disabled	reviewed_candidate	reused	
html_w3c_html_aria	html	w3c_specs	medium	html/w3c_specs/medium/html_aria.html	https://www.w3.org/TR/html-aria/	https://www.w3.org/TR/html-aria/	LicenseRef-W3C-Document-2023	https://www.w3.org/copyright/document-license-2023/		parser;convert;cli;compare	disabled	reviewed_candidate	reused	
html_w3c_accname	html	w3c_specs	medium	html/w3c_specs/medium/accname.html	https://www.w3.org/TR/accname-1.2/	https://www.w3.org/TR/accname-1.2/	LicenseRef-W3C-Document-2023	https://www.w3.org/copyright/document-license-2023/		parser;convert;cli;compare	disabled	reviewed_candidate	reused	
html_w3c_wai_aria	html	w3c_specs	large	html/w3c_specs/large/wai_aria.html	https://www.w3.org/TR/wai-aria-1.2/	https://www.w3.org/TR/wai-aria-1.2/	LicenseRef-W3C-Document-2023	https://www.w3.org/copyright/document-license-2023/		parser;convert;cli;compare	disabled	reviewed_candidate	reused	
html_w3c_payment_request	html	w3c_specs	medium	html/w3c_specs/medium/payment_request.html	https://www.w3.org/TR/payment-request/	https://www.w3.org/TR/payment-request/	LicenseRef-W3C-Document-2023	https://www.w3.org/copyright/document-license-2023/		parser;convert;cli;compare	disabled	reviewed_candidate	reused	
epub_gutenberg_moby_dick	epub	gutenberg_books	small	epub/gutenberg_books/small/pg2701-images-3.epub	https://www.gutenberg.org/ebooks/2701	https://www.gutenberg.org/cache/epub/2701/pg2701-images-3.epub	LicenseRef-Project-Gutenberg	https://www.gutenberg.org/policy/license.html		convert;cli	disabled	reviewed_candidate	reused	Project Gutenberg file retained with license/header context.
epub_gutenberg_pride	epub	gutenberg_books	medium	epub/gutenberg_books/medium/pg1342-images-3.epub	https://www.gutenberg.org/ebooks/1342	https://www.gutenberg.org/cache/epub/1342/pg1342-images-3.epub	LicenseRef-Project-Gutenberg	https://www.gutenberg.org/policy/license.html		convert;cli	disabled	reviewed_candidate	failed	Project Gutenberg file retained with license/header context.
epub_gutenberg_frankenstein	epub	gutenberg_books	small	epub/gutenberg_books/small/pg84-images-3.epub	https://www.gutenberg.org/ebooks/84	https://www.gutenberg.org/cache/epub/84/pg84-images-3.epub	LicenseRef-Project-Gutenberg	https://www.gutenberg.org/policy/license.html		convert;cli	disabled	reviewed_candidate	failed	Project Gutenberg file retained with license/header context.
epub_gutenberg_dracula	epub	gutenberg_books	small	epub/gutenberg_books/small/pg345-images-3.epub	https://www.gutenberg.org/ebooks/345	https://www.gutenberg.org/cache/epub/345/pg345-images-3.epub	LicenseRef-Project-Gutenberg	https://www.gutenberg.org/policy/license.html		convert;cli	disabled	reviewed_candidate	failed	Project Gutenberg file retained with license/header context.
epub_gutenberg_sherlock	epub	gutenberg_books	small	epub/gutenberg_books/small/pg1661-images-3.epub	https://www.gutenberg.org/ebooks/1661	https://www.gutenberg.org/cache/epub/1661/pg1661-images-3.epub	LicenseRef-Project-Gutenberg	https://www.gutenberg.org/policy/license.html		convert;cli	disabled	reviewed_candidate	downloaded	Project Gutenberg file retained with license/header context.
epub_gutenberg_alice	epub	gutenberg_books	small	epub/gutenberg_books/small/pg11-images-3.epub	https://www.gutenberg.org/ebooks/11	https://www.gutenberg.org/cache/epub/11/pg11-images-3.epub	LicenseRef-Project-Gutenberg	https://www.gutenberg.org/policy/license.html		convert;cli	smoke	reviewed_candidate	reused	Project Gutenberg file retained with license/header context.
epub_gutenberg_tale_two_cities	epub	gutenberg_books	small	epub/gutenberg_books/small/pg98-images-3.epub	https://www.gutenberg.org/ebooks/98	https://www.gutenberg.org/cache/epub/98/pg98-images-3.epub	LicenseRef-Project-Gutenberg	https://www.gutenberg.org/policy/license.html		convert;cli	disabled	reviewed_candidate	failed	Project Gutenberg file retained with license/header context.
epub_gutenberg_dorian_gray	epub	gutenberg_books	small	epub/gutenberg_books/small/pg174-images-3.epub	https://www.gutenberg.org/ebooks/174	https://www.gutenberg.org/cache/epub/174/pg174-images-3.epub	LicenseRef-Project-Gutenberg	https://www.gutenberg.org/policy/license.html		convert;cli	disabled	reviewed_candidate	reused	Project Gutenberg file retained with license/header context.
epub_gutenberg_war_and_peace	epub	gutenberg_books	medium	epub/gutenberg_books/medium/pg2600-images-3.epub	https://www.gutenberg.org/ebooks/2600	https://www.gutenberg.org/cache/epub/2600/pg2600-images-3.epub	LicenseRef-Project-Gutenberg	https://www.gutenberg.org/policy/license.html		convert;cli	disabled	reviewed_candidate	failed	Project Gutenberg file retained with license/header context.
epub_gutenberg_ulysses	epub	gutenberg_books	medium	epub/gutenberg_books/medium/pg4300-images-3.epub	https://www.gutenberg.org/ebooks/4300	https://www.gutenberg.org/cache/epub/4300/pg4300-images-3.epub	LicenseRef-Project-Gutenberg	https://www.gutenberg.org/policy/license.html		convert;cli	disabled	reviewed_candidate	failed	Project Gutenberg file retained with license/header context.
txt_rfc9110	txt	rfc_editor	large	txt/rfc_editor/large/rfc9110.txt	https://www.rfc-editor.org/rfc/rfc9110	https://www.rfc-editor.org/rfc/rfc9110.txt	LicenseRef-IETF-Trust	https://trustee.ietf.org/license-info/		parser;convert;cli;compare	smoke	reviewed_candidate	reused	
txt_rfc9111	txt	rfc_editor	medium	txt/rfc_editor/medium/rfc9111.txt	https://www.rfc-editor.org/rfc/rfc9111	https://www.rfc-editor.org/rfc/rfc9111.txt	LicenseRef-IETF-Trust	https://trustee.ietf.org/license-info/		parser;convert;cli;compare	disabled	reviewed_candidate	reused	
txt_rfc9112	txt	rfc_editor	medium	txt/rfc_editor/medium/rfc9112.txt	https://www.rfc-editor.org/rfc/rfc9112	https://www.rfc-editor.org/rfc/rfc9112.txt	LicenseRef-IETF-Trust	https://trustee.ietf.org/license-info/		parser;convert;cli;compare	disabled	reviewed_candidate	reused	
txt_rfc8446	txt	rfc_editor	large	txt/rfc_editor/large/rfc8446.txt	https://www.rfc-editor.org/rfc/rfc8446	https://www.rfc-editor.org/rfc/rfc8446.txt	LicenseRef-IETF-Trust	https://trustee.ietf.org/license-info/		parser;convert;cli;compare	disabled	reviewed_candidate	reused	
txt_rfc8259	txt	rfc_editor	small	txt/rfc_editor/small/rfc8259.txt	https://www.rfc-editor.org/rfc/rfc8259	https://www.rfc-editor.org/rfc/rfc8259.txt	LicenseRef-IETF-Trust	https://trustee.ietf.org/license-info/		parser;convert;cli;compare	disabled	reviewed_candidate	reused	
txt_rfc3986	txt	rfc_editor	medium	txt/rfc_editor/medium/rfc3986.txt	https://www.rfc-editor.org/rfc/rfc3986	https://www.rfc-editor.org/rfc/rfc3986.txt	LicenseRef-IETF-Trust	https://trustee.ietf.org/license-info/		parser;convert;cli;compare	disabled	reviewed_candidate	reused	
txt_rfc4180	txt	rfc_editor	tiny	txt/rfc_editor/tiny/rfc4180.txt	https://www.rfc-editor.org/rfc/rfc4180	https://www.rfc-editor.org/rfc/rfc4180.txt	LicenseRef-IETF-Trust	https://trustee.ietf.org/license-info/		parser;convert;cli;compare	disabled	reviewed_candidate	reused	
txt_rfc9000	txt	rfc_editor	large	txt/rfc_editor/large/rfc9000.txt	https://www.rfc-editor.org/rfc/rfc9000	https://www.rfc-editor.org/rfc/rfc9000.txt	LicenseRef-IETF-Trust	https://trustee.ietf.org/license-info/		parser;convert;cli;compare	disabled	reviewed_candidate	reused	
txt_rfc5280	txt	rfc_editor	large	txt/rfc_editor/large/rfc5280.txt	https://www.rfc-editor.org/rfc/rfc5280	https://www.rfc-editor.org/rfc/rfc5280.txt	LicenseRef-IETF-Trust	https://trustee.ietf.org/license-info/		parser;convert;cli;compare	disabled	reviewed_candidate	reused	
txt_rfc7231	txt	rfc_editor	large	txt/rfc_editor/large/rfc7231.txt	https://www.rfc-editor.org/rfc/rfc7231	https://www.rfc-editor.org/rfc/rfc7231.txt	LicenseRef-IETF-Trust	https://trustee.ietf.org/license-info/		parser;convert;cli;compare	disabled	reviewed_candidate	reused	
csv_usgs_all_day	csv	usgs_feeds	small	csv/usgs_feeds/small/csv_usgs_all_day.csv	https://earthquake.usgs.gov/earthquakes/feed/v1.0/	https://earthquake.usgs.gov/earthquakes/feed/v1.0/summary/all_day.csv	LicenseRef-US-Gov-Public-Domain	https://www.usa.gov/government-copyright		parser;convert;cli;compare	smoke	reviewed_candidate	reused	
csv_usgs_all_week	csv	usgs_feeds	medium	csv/usgs_feeds/medium/csv_usgs_all_week.csv	https://earthquake.usgs.gov/earthquakes/feed/v1.0/	https://earthquake.usgs.gov/earthquakes/feed/v1.0/summary/all_week.csv	LicenseRef-US-Gov-Public-Domain	https://www.usa.gov/government-copyright		parser;convert;cli;compare	disabled	reviewed_candidate	reused	
csv_usgs_all_month	csv	usgs_feeds	large	csv/usgs_feeds/large/csv_usgs_all_month.csv	https://earthquake.usgs.gov/earthquakes/feed/v1.0/	https://earthquake.usgs.gov/earthquakes/feed/v1.0/summary/all_month.csv	LicenseRef-US-Gov-Public-Domain	https://www.usa.gov/government-copyright		parser;convert;cli;compare	disabled	reviewed_candidate	reused	
csv_usgs_significant_month	csv	usgs_feeds	small	csv/usgs_feeds/small/csv_usgs_significant_month.csv	https://earthquake.usgs.gov/earthquakes/feed/v1.0/	https://earthquake.usgs.gov/earthquakes/feed/v1.0/summary/significant_month.csv	LicenseRef-US-Gov-Public-Domain	https://www.usa.gov/government-copyright		parser;convert;cli;compare	disabled	reviewed_candidate	reused	
csv_usgs_45_month	csv	usgs_feeds	small	csv/usgs_feeds/small/csv_usgs_45_month.csv	https://earthquake.usgs.gov/earthquakes/feed/v1.0/	https://earthquake.usgs.gov/earthquakes/feed/v1.0/summary/4.5_month.csv	LicenseRef-US-Gov-Public-Domain	https://www.usa.gov/government-copyright		parser;convert;cli;compare	disabled	reviewed_candidate	reused	
csv_usgs_25_month	csv	usgs_feeds	medium	csv/usgs_feeds/medium/csv_usgs_25_month.csv	https://earthquake.usgs.gov/earthquakes/feed/v1.0/	https://earthquake.usgs.gov/earthquakes/feed/v1.0/summary/2.5_month.csv	LicenseRef-US-Gov-Public-Domain	https://www.usa.gov/government-copyright		parser;convert;cli;compare	disabled	reviewed_candidate	reused	
csv_usgs_10_month	csv	usgs_feeds	large	csv/usgs_feeds/large/csv_usgs_10_month.csv	https://earthquake.usgs.gov/earthquakes/feed/v1.0/	https://earthquake.usgs.gov/earthquakes/feed/v1.0/summary/1.0_month.csv	LicenseRef-US-Gov-Public-Domain	https://www.usa.gov/government-copyright		parser;convert;cli;compare	disabled	reviewed_candidate	reused	
csv_owid_co2	csv	owid_grapher	medium	csv/owid_grapher/medium/csv_owid_co2.csv	https://ourworldindata.org/grapher/annual-co2-emissions-per-country	https://ourworldindata.org/grapher/annual-co2-emissions-per-country.csv	CC-BY-4.0	https://ourworldindata.org/how-to-use-our-world-in-data		parser;convert;cli;compare	disabled	reviewed_candidate	reused	
csv_owid_life_expectancy	csv	owid_grapher	medium	csv/owid_grapher/medium/csv_owid_life_expectancy.csv	https://ourworldindata.org/life-expectancy	https://ourworldindata.org/grapher/life-expectancy.csv	CC-BY-4.0	https://ourworldindata.org/how-to-use-our-world-in-data		parser;convert;cli;compare	disabled	reviewed_candidate	reused	
csv_owid_population	csv	owid_grapher	medium	csv/owid_grapher/medium/csv_owid_population.csv	https://ourworldindata.org/population-growth	https://ourworldindata.org/grapher/population.csv	CC-BY-4.0	https://ourworldindata.org/how-to-use-our-world-in-data		parser;convert;cli;compare	disabled	reviewed_candidate	reused	
tsv_uniprot_reviewed	tsv	uniprot_api	medium	tsv/uniprot_api/medium/tsv_uniprot_reviewed.tsv	https://www.uniprot.org/help/license	https://rest.uniprot.org/uniprotkb/search?query=reviewed%3Atrue&format=tsv&fields=accession,id,protein_name,organism_name,length&size=500	CC-BY-4.0	https://www.uniprot.org/help/license		parser;convert;cli	smoke	reviewed_candidate	reused	
tsv_uniprot_human	tsv	uniprot_api	medium	tsv/uniprot_api/medium/tsv_uniprot_human.tsv	https://www.uniprot.org/help/license	https://rest.uniprot.org/uniprotkb/search?query=organism_id%3A9606%20AND%20reviewed%3Atrue&format=tsv&fields=accession,id,protein_name,organism_name,length&size=500	CC-BY-4.0	https://www.uniprot.org/help/license		parser;convert;cli	disabled	reviewed_candidate	reused	
tsv_uniprot_mouse	tsv	uniprot_api	medium	tsv/uniprot_api/medium/tsv_uniprot_mouse.tsv	https://www.uniprot.org/help/license	https://rest.uniprot.org/uniprotkb/search?query=organism_id%3A10090%20AND%20reviewed%3Atrue&format=tsv&fields=accession,id,protein_name,organism_name,length&size=500	CC-BY-4.0	https://www.uniprot.org/help/license		parser;convert;cli	disabled	reviewed_candidate	reused	
tsv_uniprot_ecoli	tsv	uniprot_api	medium	tsv/uniprot_api/medium/tsv_uniprot_ecoli.tsv	https://www.uniprot.org/help/license	https://rest.uniprot.org/uniprotkb/search?query=organism_id%3A562%20AND%20reviewed%3Atrue&format=tsv&fields=accession,id,protein_name,organism_name,length&size=500	CC-BY-4.0	https://www.uniprot.org/help/license		parser;convert;cli	disabled	reviewed_candidate	reused	
tsv_uniprot_yeast	tsv	uniprot_api	medium	tsv/uniprot_api/medium/tsv_uniprot_yeast.tsv	https://www.uniprot.org/help/license	https://rest.uniprot.org/uniprotkb/search?query=organism_id%3A559292%20AND%20reviewed%3Atrue&format=tsv&fields=accession,id,protein_name,organism_name,length&size=500	CC-BY-4.0	https://www.uniprot.org/help/license		parser;convert;cli	disabled	reviewed_candidate	reused	
tsv_uniprot_arabidopsis	tsv	uniprot_api	medium	tsv/uniprot_api/medium/tsv_uniprot_arabidopsis.tsv	https://www.uniprot.org/help/license	https://rest.uniprot.org/uniprotkb/search?query=organism_id%3A3702%20AND%20reviewed%3Atrue&format=tsv&fields=accession,id,protein_name,organism_name,length&size=500	CC-BY-4.0	https://www.uniprot.org/help/license		parser;convert;cli	disabled	reviewed_candidate	reused	
tsv_uniprot_drosophila	tsv	uniprot_api	medium	tsv/uniprot_api/medium/tsv_uniprot_drosophila.tsv	https://www.uniprot.org/help/license	https://rest.uniprot.org/uniprotkb/search?query=organism_id%3A7227%20AND%20reviewed%3Atrue&format=tsv&fields=accession,id,protein_name,organism_name,length&size=500	CC-BY-4.0	https://www.uniprot.org/help/license		parser;convert;cli	disabled	reviewed_candidate	reused	
tsv_uniprot_brca1	tsv	uniprot_api	medium	tsv/uniprot_api/medium/tsv_uniprot_brca1.tsv	https://www.uniprot.org/help/license	https://rest.uniprot.org/uniprotkb/search?query=gene%3ABRCA1&format=tsv&fields=accession,id,protein_name,organism_name,length&size=500	CC-BY-4.0	https://www.uniprot.org/help/license		parser;convert;cli	disabled	reviewed_candidate	reused	
tsv_uniprot_kinase	tsv	uniprot_api	medium	tsv/uniprot_api/medium/tsv_uniprot_kinase.tsv	https://www.uniprot.org/help/license	https://rest.uniprot.org/uniprotkb/search?query=keyword%3AKinase&format=tsv&fields=accession,id,protein_name,organism_name,length&size=500	CC-BY-4.0	https://www.uniprot.org/help/license		parser;convert;cli	disabled	reviewed_candidate	reused	
tsv_uniprot_membrane	tsv	uniprot_api	medium	tsv/uniprot_api/medium/tsv_uniprot_membrane.tsv	https://www.uniprot.org/help/license	https://rest.uniprot.org/uniprotkb/search?query=keyword%3ATransmembrane&format=tsv&fields=accession,id,protein_name,organism_name,length&size=500	CC-BY-4.0	https://www.uniprot.org/help/license		parser;convert;cli	disabled	reviewed_candidate	reused	
json_wb_population	json	worldbank_api	large	json/worldbank_api/large/json_wb_population.json	https://data.worldbank.org/indicator/SP.POP.TOTL	https://api.worldbank.org/v2/country/all/indicator/SP.POP.TOTL?format=json&per_page=20000	CC-BY-4.0	https://www.worldbank.org/en/about/legal/terms-of-use-for-datasets		parser;convert;cli;compare	smoke	reviewed_candidate	reused	
json_wb_gdp	json	worldbank_api	large	json/worldbank_api/large/json_wb_gdp.json	https://data.worldbank.org/indicator/NY.GDP.MKTP.CD	https://api.worldbank.org/v2/country/all/indicator/NY.GDP.MKTP.CD?format=json&per_page=20000	CC-BY-4.0	https://www.worldbank.org/en/about/legal/terms-of-use-for-datasets		parser;convert;cli;compare	disabled	reviewed_candidate	reused	
json_wb_life	json	worldbank_api	large	json/worldbank_api/large/json_wb_life.json	https://data.worldbank.org/indicator/SP.DYN.LE00.IN	https://api.worldbank.org/v2/country/all/indicator/SP.DYN.LE00.IN?format=json&per_page=20000	CC-BY-4.0	https://www.worldbank.org/en/about/legal/terms-of-use-for-datasets		parser;convert;cli;compare	disabled	reviewed_candidate	reused	
json_wb_co2	json	worldbank_api	large	json/worldbank_api/large/json_wb_co2.json	https://data.worldbank.org/indicator/EN.ATM.CO2E.KT	https://api.worldbank.org/v2/country/all/indicator/EN.ATM.CO2E.KT?format=json&per_page=20000	CC-BY-4.0	https://www.worldbank.org/en/about/legal/terms-of-use-for-datasets		parser;convert;cli;compare	disabled	reviewed_candidate	reused	
json_wb_internet	json	worldbank_api	large	json/worldbank_api/large/json_wb_internet.json	https://data.worldbank.org/indicator/IT.NET.USER.ZS	https://api.worldbank.org/v2/country/all/indicator/IT.NET.USER.ZS?format=json&per_page=20000	CC-BY-4.0	https://www.worldbank.org/en/about/legal/terms-of-use-for-datasets		parser;convert;cli;compare	disabled	reviewed_candidate	reused	
json_wb_unemployment	json	worldbank_api	large	json/worldbank_api/large/json_wb_unemployment.json	https://data.worldbank.org/indicator/SL.UEM.TOTL.ZS	https://api.worldbank.org/v2/country/all/indicator/SL.UEM.TOTL.ZS?format=json&per_page=20000	CC-BY-4.0	https://www.worldbank.org/en/about/legal/terms-of-use-for-datasets		parser;convert;cli;compare	disabled	reviewed_candidate	reused	
json_usgs_all_month	json	usgs_feeds	large	json/usgs_feeds/large/json_usgs_all_month.json	https://earthquake.usgs.gov/earthquakes/feed/v1.0/	https://earthquake.usgs.gov/earthquakes/feed/v1.0/summary/all_month.geojson	LicenseRef-US-Gov-Public-Domain	https://www.usa.gov/government-copyright		parser;convert;cli;compare	disabled	reviewed_candidate	reused	
json_spdx_licenses	json	spdx_data	medium	json/spdx_data/medium/json_spdx_licenses.json	https://github.com/spdx/license-list-data	https://raw.githubusercontent.com/spdx/license-list-data/main/json/licenses.json	CC0-1.0	https://github.com/spdx/license-list-data/blob/main/LICENSE		parser;convert;cli;compare	disabled	reviewed_candidate	reused	
json_spdx_exceptions	json	spdx_data	small	json/spdx_data/small/json_spdx_exceptions.json	https://github.com/spdx/license-list-data	https://raw.githubusercontent.com/spdx/license-list-data/main/json/exceptions.json	CC0-1.0	https://github.com/spdx/license-list-data/blob/main/LICENSE		parser;convert;cli;compare	disabled	reviewed_candidate	downloaded	
json_wikidata_q42	json	wikidata	small	json/wikidata/small/json_wikidata_q42.json	https://www.wikidata.org/wiki/Wikidata:Licensing	https://www.wikidata.org/wiki/Special:EntityData/Q42.json	CC0-1.0	https://www.wikidata.org/wiki/Wikidata:Licensing		parser;convert;cli;compare	disabled	reviewed_candidate	failed	
yaml_swagger_petstore	yaml	github_yaml	small	yaml/github_yaml/small/yaml_swagger_petstore.yaml	https://github.com/swagger-api/swagger-petstore/blob/8f0dd286987880b4af7bce552aca3813166f3049/src/main/resources/openapi.yaml	https://raw.githubusercontent.com/swagger-api/swagger-petstore/8f0dd286987880b4af7bce552aca3813166f3049/src/main/resources/openapi.yaml	Apache-2.0	https://www.apache.org/licenses/LICENSE-2.0		parser;convert;cli	disabled	reviewed_candidate	downloaded	GitHub raw URL is resolved to a commit SHA before download.
yaml_k8s_deployment	yaml	github_yaml	tiny	yaml/github_yaml/tiny/yaml_k8s_deployment.yaml	https://github.com/kubernetes/website/blob/1e69ab01d15812065622b8fe473e980a0e436947/content/en/examples/application/deployment.yaml	https://raw.githubusercontent.com/kubernetes/website/1e69ab01d15812065622b8fe473e980a0e436947/content/en/examples/application/deployment.yaml	Apache-2.0	https://www.apache.org/licenses/LICENSE-2.0		parser;convert;cli	smoke	reviewed_candidate	downloaded	GitHub raw URL is resolved to a commit SHA before download.
yaml_k8s_simple_pod	yaml	github_yaml	tiny	yaml/github_yaml/tiny/yaml_k8s_simple_pod.yaml	https://github.com/kubernetes/website/blob/1e69ab01d15812065622b8fe473e980a0e436947/content/en/examples/pods/simple-pod.yaml	https://raw.githubusercontent.com/kubernetes/website/1e69ab01d15812065622b8fe473e980a0e436947/content/en/examples/pods/simple-pod.yaml	Apache-2.0	https://www.apache.org/licenses/LICENSE-2.0		parser;convert;cli	disabled	reviewed_candidate	downloaded	GitHub raw URL is resolved to a commit SHA before download.
yaml_k8s_load_balancer	yaml	github_yaml	small	yaml/github_yaml/small/yaml_k8s_load_balancer.yaml	https://github.com/kubernetes/website/blob/1e69ab01d15812065622b8fe473e980a0e436947/content/en/examples/service/load-balancer-example.yaml	https://raw.githubusercontent.com/kubernetes/website/1e69ab01d15812065622b8fe473e980a0e436947/content/en/examples/service/load-balancer-example.yaml	Apache-2.0	https://www.apache.org/licenses/LICENSE-2.0		parser;convert;cli	disabled	reviewed_candidate	downloaded	GitHub raw URL is resolved to a commit SHA before download.
yaml_bitnami_nginx_values	yaml	github_yaml	medium	yaml/github_yaml/medium/yaml_bitnami_nginx_values.yaml	https://github.com/bitnami/charts/blob/f9ad394743e85cb52afaded00b2f6c37b4af3157/bitnami/nginx/values.yaml	https://raw.githubusercontent.com/bitnami/charts/f9ad394743e85cb52afaded00b2f6c37b4af3157/bitnami/nginx/values.yaml	Apache-2.0	https://www.apache.org/licenses/LICENSE-2.0		parser;convert;cli	disabled	reviewed_candidate	downloaded	GitHub raw URL is resolved to a commit SHA before download.
yaml_bitnami_postgresql_values	yaml	github_yaml	large	yaml/github_yaml/large/yaml_bitnami_postgresql_values.yaml	https://github.com/bitnami/charts/blob/f9ad394743e85cb52afaded00b2f6c37b4af3157/bitnami/postgresql/values.yaml	https://raw.githubusercontent.com/bitnami/charts/f9ad394743e85cb52afaded00b2f6c37b4af3157/bitnami/postgresql/values.yaml	Apache-2.0	https://www.apache.org/licenses/LICENSE-2.0		parser;convert;cli	disabled	reviewed_candidate	downloaded	GitHub raw URL is resolved to a commit SHA before download.
yaml_prometheus_values	yaml	github_yaml	large	yaml/github_yaml/large/yaml_prometheus_values.yaml	https://github.com/prometheus-community/helm-charts/blob/efa63abd06f635cd17ea729a8b91c6643c7d802a/charts/prometheus/values.yaml	https://raw.githubusercontent.com/prometheus-community/helm-charts/efa63abd06f635cd17ea729a8b91c6643c7d802a/charts/prometheus/values.yaml	Apache-2.0	https://www.apache.org/licenses/LICENSE-2.0		parser;convert;cli	disabled	reviewed_candidate	downloaded	GitHub raw URL is resolved to a commit SHA before download.
yaml_actions_node	yaml	github_yaml	tiny	yaml/github_yaml/tiny/yaml_actions_node.yaml	https://github.com/actions/starter-workflows/blob/53d347c66d8b0618d2e4616e1b841b649349c6d7/ci/node.js.yml	https://raw.githubusercontent.com/actions/starter-workflows/53d347c66d8b0618d2e4616e1b841b649349c6d7/ci/node.js.yml	MIT	https://opensource.org/license/mit/		parser;convert;cli	disabled	reviewed_candidate	downloaded	GitHub raw URL is resolved to a commit SHA before download.
yaml_actions_python	yaml	github_yaml	tiny	yaml/github_yaml/tiny/yaml_actions_python.yaml	https://github.com/actions/starter-workflows/blob/53d347c66d8b0618d2e4616e1b841b649349c6d7/ci/python-app.yml	https://raw.githubusercontent.com/actions/starter-workflows/53d347c66d8b0618d2e4616e1b841b649349c6d7/ci/python-app.yml	MIT	https://opensource.org/license/mit/		parser;convert;cli	disabled	reviewed_candidate	downloaded	GitHub raw URL is resolved to a commit SHA before download.
yaml_grafana_values	yaml	github_yaml	large	yaml/github_yaml/large/yaml_grafana_values.yaml	https://github.com/grafana/helm-charts/blob/0cb44b98b41df1bc345376ac40897453fa88df93/charts/grafana/values.yaml	https://raw.githubusercontent.com/grafana/helm-charts/0cb44b98b41df1bc345376ac40897453fa88df93/charts/grafana/values.yaml	Apache-2.0	https://www.apache.org/licenses/LICENSE-2.0		parser;convert;cli	disabled	reviewed_candidate	failed	GitHub raw URL is resolved to a commit SHA before download.
xml_wb_population	xml	worldbank_api	large	xml/worldbank_api/large/xml_wb_population.xml	https://data.worldbank.org/indicator/SP.POP.TOTL	https://api.worldbank.org/v2/country/all/indicator/SP.POP.TOTL?format=xml&per_page=20000	CC-BY-4.0	https://www.worldbank.org/en/about/legal/terms-of-use-for-datasets		parser;convert;cli;compare	smoke	reviewed_candidate	reused	
xml_wb_gdp	xml	worldbank_api	large	xml/worldbank_api/large/xml_wb_gdp.xml	https://data.worldbank.org/indicator/NY.GDP.MKTP.CD	https://api.worldbank.org/v2/country/all/indicator/NY.GDP.MKTP.CD?format=xml&per_page=20000	CC-BY-4.0	https://www.worldbank.org/en/about/legal/terms-of-use-for-datasets		parser;convert;cli;compare	disabled	reviewed_candidate	reused	
xml_wb_co2	xml	worldbank_api	large	xml/worldbank_api/large/xml_wb_co2.xml	https://data.worldbank.org/indicator/EN.ATM.CO2E.KT	https://api.worldbank.org/v2/country/all/indicator/EN.ATM.CO2E.KT?format=xml&per_page=20000	CC-BY-4.0	https://www.worldbank.org/en/about/legal/terms-of-use-for-datasets		parser;convert;cli;compare	disabled	reviewed_candidate	reused	
xml_wb_school	xml	worldbank_api	large	xml/worldbank_api/large/xml_wb_school.xml	https://data.worldbank.org/indicator/SE.PRM.ENRR	https://api.worldbank.org/v2/country/all/indicator/SE.PRM.ENRR?format=xml&per_page=20000	CC-BY-4.0	https://www.worldbank.org/en/about/legal/terms-of-use-for-datasets		parser;convert;cli;compare	disabled	reviewed_candidate	reused	
xml_wb_health	xml	worldbank_api	large	xml/worldbank_api/large/xml_wb_health.xml	https://data.worldbank.org/indicator/SH.XPD.CHEX.GD.ZS	https://api.worldbank.org/v2/country/all/indicator/SH.XPD.CHEX.GD.ZS?format=xml&per_page=20000	CC-BY-4.0	https://www.worldbank.org/en/about/legal/terms-of-use-for-datasets		parser;convert;cli;compare	disabled	reviewed_candidate	reused	
xml_wb_forest	xml	worldbank_api	large	xml/worldbank_api/large/xml_wb_forest.xml	https://data.worldbank.org/indicator/AG.LND.FRST.ZS	https://api.worldbank.org/v2/country/all/indicator/AG.LND.FRST.ZS?format=xml&per_page=20000	CC-BY-4.0	https://www.worldbank.org/en/about/legal/terms-of-use-for-datasets		parser;convert;cli;compare	disabled	reviewed_candidate	reused	
xml_wb_electricity	xml	worldbank_api	large	xml/worldbank_api/large/xml_wb_electricity.xml	https://data.worldbank.org/indicator/EG.USE.ELEC.KH.PC	https://api.worldbank.org/v2/country/all/indicator/EG.USE.ELEC.KH.PC?format=xml&per_page=20000	CC-BY-4.0	https://www.worldbank.org/en/about/legal/terms-of-use-for-datasets		parser;convert;cli;compare	disabled	reviewed_candidate	reused	
xml_wb_unemployment	xml	worldbank_api	large	xml/worldbank_api/large/xml_wb_unemployment.xml	https://data.worldbank.org/indicator/SL.UEM.TOTL.ZS	https://api.worldbank.org/v2/country/all/indicator/SL.UEM.TOTL.ZS?format=xml&per_page=20000	CC-BY-4.0	https://www.worldbank.org/en/about/legal/terms-of-use-for-datasets		parser;convert;cli;compare	disabled	reviewed_candidate	reused	
xml_wb_internet	xml	worldbank_api	large	xml/worldbank_api/large/xml_wb_internet.xml	https://data.worldbank.org/indicator/IT.NET.USER.ZS	https://api.worldbank.org/v2/country/all/indicator/IT.NET.USER.ZS?format=xml&per_page=20000	CC-BY-4.0	https://www.worldbank.org/en/about/legal/terms-of-use-for-datasets		parser;convert;cli;compare	disabled	reviewed_candidate	downloaded	
xml_wb_life	xml	worldbank_api	large	xml/worldbank_api/large/xml_wb_life.xml	https://data.worldbank.org/indicator/SP.DYN.LE00.IN	https://api.worldbank.org/v2/country/all/indicator/SP.DYN.LE00.IN?format=xml&per_page=20000	CC-BY-4.0	https://www.worldbank.org/en/about/legal/terms-of-use-for-datasets		parser;convert;cli;compare	disabled	reviewed_candidate	reused	
zip_gutenberg_moby_dick_html	zip	gutenberg_books	medium	zip/gutenberg_books/medium/pg2701-h.zip	https://www.gutenberg.org/ebooks/2701	https://www.gutenberg.org/cache/epub/2701/pg2701-h.zip	LicenseRef-Project-Gutenberg	https://www.gutenberg.org/policy/license.html		convert;cli	disabled	reviewed_candidate	failed	ZIP archive audited before manifest write.
zip_gutenberg_frankenstein_html	zip	gutenberg_books	small	zip/gutenberg_books/small/pg84-h.zip	https://www.gutenberg.org/ebooks/84	https://www.gutenberg.org/cache/epub/84/pg84-h.zip	LicenseRef-Project-Gutenberg	https://www.gutenberg.org/policy/license.html		convert;cli	disabled	reviewed_candidate	failed	ZIP archive audited before manifest write.
zip_gutenberg_dracula_html	zip	gutenberg_books	small	zip/gutenberg_books/small/pg345-h.zip	https://www.gutenberg.org/ebooks/345	https://www.gutenberg.org/cache/epub/345/pg345-h.zip	LicenseRef-Project-Gutenberg	https://www.gutenberg.org/policy/license.html		convert;cli	disabled	reviewed_candidate	failed	ZIP archive audited before manifest write.
zip_gutenberg_sherlock_html	zip	gutenberg_books	small	zip/gutenberg_books/small/pg1661-h.zip	https://www.gutenberg.org/ebooks/1661	https://www.gutenberg.org/cache/epub/1661/pg1661-h.zip	LicenseRef-Project-Gutenberg	https://www.gutenberg.org/policy/license.html		convert;cli	smoke	reviewed_candidate	reused	ZIP archive audited before manifest write.
zip_gutenberg_alice_html	zip	gutenberg_books	small	zip/gutenberg_books/small/pg11-h.zip	https://www.gutenberg.org/ebooks/11	https://www.gutenberg.org/cache/epub/11/pg11-h.zip	LicenseRef-Project-Gutenberg	https://www.gutenberg.org/policy/license.html		convert;cli	disabled	reviewed_candidate	reused	ZIP archive audited before manifest write.
zip_census_state	zip	census_tiger	medium	zip/census_tiger/medium/tl_2024_us_state.zip	https://www.census.gov/geographies/mapping-files/time-series/geo/tiger-line-file.html	https://www2.census.gov/geo/tiger/TIGER2024/STATE/tl_2024_us_state.zip	LicenseRef-US-Gov-Public-Domain	https://www.usa.gov/government-copyright		convert;cli	disabled	reviewed_candidate	catalog_only	Catalog only: Census host returned 403 to this environment during HEAD probes.
zip_census_county	zip	census_tiger	medium	zip/census_tiger/medium/tl_2024_us_county.zip	https://www.census.gov/geographies/mapping-files/time-series/geo/tiger-line-file.html	https://www2.census.gov/geo/tiger/TIGER2024/COUNTY/tl_2024_us_county.zip	LicenseRef-US-Gov-Public-Domain	https://www.usa.gov/government-copyright		convert;cli	disabled	reviewed_candidate	catalog_only	Catalog only: Census host returned 403 to this environment during HEAD probes.
zip_census_place	zip	census_tiger	medium	zip/census_tiger/medium/tl_2024_us_place.zip	https://www.census.gov/geographies/mapping-files/time-series/geo/tiger-line-file.html	https://www2.census.gov/geo/tiger/TIGER2024/PLACE/tl_2024_us_place.zip	LicenseRef-US-Gov-Public-Domain	https://www.usa.gov/government-copyright		convert;cli	disabled	reviewed_candidate	catalog_only	Catalog only: Census host returned 403 to this environment during HEAD probes.
zip_census_zcta	zip	census_tiger	medium	zip/census_tiger/medium/tl_2024_us_zcta520.zip	https://www.census.gov/geographies/mapping-files/time-series/geo/tiger-line-file.html	https://www2.census.gov/geo/tiger/TIGER2024/ZCTA520/tl_2024_us_zcta520.zip	LicenseRef-US-Gov-Public-Domain	https://www.usa.gov/government-copyright		convert;cli	disabled	reviewed_candidate	catalog_only	Catalog only: Census host returned 403 to this environment during HEAD probes.
zip_census_roads_autauga	zip	census_tiger	medium	zip/census_tiger/medium/tl_2024_01001_roads.zip	https://www.census.gov/geographies/mapping-files/time-series/geo/tiger-line-file.html	https://www2.census.gov/geo/tiger/TIGER2024/ROADS/tl_2024_01001_roads.zip	LicenseRef-US-Gov-Public-Domain	https://www.usa.gov/government-copyright		convert;cli	disabled	reviewed_candidate	catalog_only	Catalog only: Census host returned 403 to this environment during HEAD probes.
