bench_id	format	size_class	rel_path	source_kind	source_ref	bytes	sha256	enabled_tier	bench_layers	tags	review_status	notes	comparison_class	comparison_reason	comparison_signals
txt_tiny_plain_v1	txt	tiny	txt/tiny/txt_tiny_plain_v1.txt	copied_from_samples	samples/main_process/txt/txt_plain.txt	17	0b4e0847e1e625be49f7fb14b0ebbf5423c421d27d88edf022d43379cd100d7a	smoke	micro,pipeline,product,external	repo-sample,text,baseline	accepted	Minimal tracked text payload from repo-local samples.	external_compare	markitdown_supported	non_empty
txt_small_rfc8259_v1	txt	small	txt/small/txt_small_rfc8259_v1.txt	copied_from_external_bench	txt_rfc8259|txt/rfc_editor/small/rfc8259.txt	28360	61a5378f4255c720beb2a4b4a63b29540147c140f36988bf086291989b4cd2d7	smoke	micro,pipeline,product,external	external-bench,real-world,rfc,json-spec	accepted	Real-world RFC text sample with stable public provenance.	external_compare	markitdown_supported	non_empty
txt_medium_rfc3986_v1	txt	medium	txt/medium/txt_medium_rfc3986_v1.txt	copied_from_external_bench	txt_rfc3986|txt/rfc_editor/medium/rfc3986.txt	141811	3102dae4b68cebe40337730312fcb612297b8928547267e8b3d1ee6002b2d683	regular	micro,pipeline,product,external	external-bench,real-world,rfc,uri	accepted	Medium plain-text corpus payload copied from external bench pool.	external_compare	markitdown_supported	non_empty
txt_large_multilingual_paragraphs_v1	txt	large	txt/large/txt_large_multilingual_paragraphs_v1.txt	generated_tracked	generator:generate_txt target_bytes=2200000	2200398	7fdb409012410736ad44c54ed7c7ac8a18d3c1ee335fbcfd18bea2a54d024ca3	release	micro,pipeline,product,external	generated,deterministic,text,multilingual,long-lines	accepted	Deterministic large text payload with multilingual paragraphs and long lines.	external_compare	markitdown_supported	non_empty
txt_huge_multilingual_paragraphs_v1	txt	huge	txt/huge/txt_huge_multilingual_paragraphs_v1.txt	generated_tracked	generator:generate_txt target_bytes=12000000	12000564	55a7643077fc5739c38521dbff139b33719bd939827db0a0f000eae512e18340	stress	micro,pipeline,product,external	generated,deterministic,text,multilingual,long-lines	accepted	Deterministic huge text payload kept tracked inside the main repository.	external_compare	markitdown_supported	non_empty
csv_tiny_basic_v1	csv	tiny	csv/tiny/csv_tiny_basic_v1.csv	copied_from_samples	samples/main_process/csv/csv_basic.csv	38	1e9bf0c637bb6b4eeeab8f6c6ecf90d43ca1d2f0e234c3c314e7a4e861f48c26	smoke	micro,pipeline,product,external	repo-sample,csv,baseline	accepted	Minimal tracked CSV payload from repo-local regression samples.	external_compare	markitdown_supported	non_empty
csv_small_usgs_all_day_v1	csv	small	csv/small/csv_small_usgs_all_day_v1.csv	copied_from_external_bench	csv_usgs_all_day|csv/usgs_feeds/small/csv_usgs_all_day.csv	43666	09ae7bccc6c30cca356e0ac47820369ae1707959362b796fdb3a4f2163dcfe87	smoke	micro,pipeline,product,external	external-bench,real-world,csv,usgs,many-rows	accepted	Small real-world CSV sample copied from external bench pool.	external_compare	markitdown_supported	non_empty
csv_medium_owid_life_expectancy_v1	csv	medium	csv/medium/csv_medium_owid_life_expectancy_v1.csv	copied_from_external_bench	csv_owid_life_expectancy|csv/owid_grapher/medium/csv_owid_life_expectancy.csv	605250	c304603fb8a7da263619a8ae43b7097f35b648c458855e23f1c4ef8f2ae75c01	regular	micro,pipeline,product,external	external-bench,real-world,csv,owid,many-rows	accepted	Medium real-world CSV benchmark payload with public provenance.	external_compare	markitdown_supported	non_empty
csv_large_usgs_all_month_v1	csv	large	csv/large/csv_large_usgs_all_month_v1.csv	copied_from_external_bench	csv_usgs_all_month|csv/usgs_feeds/large/csv_usgs_all_month.csv	2086351	08e214dd44ea4bed531684b4636626924c2b2ac9dc284a21b8d296240c88f0a0	release	micro,pipeline,product,external	external-bench,real-world,csv,usgs,large-rows	accepted	Large real-world CSV payload for release-tier pipeline and product benchmarks.	external_compare	markitdown_supported	non_empty
csv_huge_synthetic_rows_v1	csv	huge	csv/huge/csv_huge_synthetic_rows_v1.csv	generated_tracked	generator:generate_delimited comma target_bytes=12000000	12000044	881c533f43637aaec30ad522f7dcc7db739422c0bb813e7a61bc4838f8a9b7d9	stress	micro,pipeline,product,external	generated,deterministic,csv,many-rows,quoted-fields,multilingual	accepted	Huge tracked CSV payload generated deterministically for stress-tier benchmarks.	external_compare	markitdown_supported	non_empty
tsv_tiny_basic_v1	tsv	tiny	tsv/tiny/tsv_tiny_basic_v1.tsv	copied_from_samples	samples/main_process/tsv/tsv_basic.tsv	38	a626940f8db4d1218ea2508c6eb4cac3daf9c04e812c93bca2a7083261b27abe	smoke	micro,pipeline,product,external	repo-sample,tsv,baseline	accepted	Minimal tracked TSV payload from repo-local samples.	external_compare	markitdown_supported	non_empty
tsv_small_uniprot_reviewed_v1	tsv	small	tsv/small/tsv_small_uniprot_reviewed_v1.tsv	copied_from_external_bench	tsv_uniprot_reviewed|tsv/uniprot_api/medium/tsv_uniprot_reviewed.tsv	84654	9dfe93b33d472beed4f7361e01a934f5ee572cbb793a1c970cfd10d7af36983c	smoke	micro,pipeline,product,external	external-bench,real-world,tsv,uniprot,records	accepted	Tracked TSV corpus sample copied from external bench pool.	external_compare	markitdown_supported	non_empty
tsv_medium_synthetic_rows_v1	tsv	medium	tsv/medium/tsv_medium_synthetic_rows_v1.tsv	generated_tracked	generator:generate_delimited tab target_bytes=300000	300080	fd0eb8adba775dc19f11349d660f128cec452431387c675272062f754a2ec22f	regular	micro,pipeline,product,external	generated,deterministic,tsv,many-rows,multilingual	accepted	Deterministic TSV payload generated to fill tracked medium-to-huge benchmark coverage.	external_compare	markitdown_supported	non_empty
tsv_large_synthetic_rows_v1	tsv	large	tsv/large/tsv_large_synthetic_rows_v1.tsv	generated_tracked	generator:generate_delimited tab target_bytes=2500000	2500010	8bdd51407dfeccbfd129a0abf5296c564faa25e0e26a566bc9498b33ceca5fcb	release	micro,pipeline,product,external	generated,deterministic,tsv,many-rows,multilingual	accepted	Deterministic TSV payload generated to fill tracked medium-to-huge benchmark coverage.	external_compare	markitdown_supported	non_empty
tsv_huge_synthetic_rows_v1	tsv	huge	tsv/huge/tsv_huge_synthetic_rows_v1.tsv	generated_tracked	generator:generate_delimited tab target_bytes=12000000	12000083	dc96d3e41a23191ae03e7b058b6cd2d588ac67d16a6473539569095041833b07	stress	micro,pipeline,product,external	generated,deterministic,tsv,many-rows,multilingual	accepted	Deterministic TSV payload generated to fill tracked medium-to-huge benchmark coverage.	external_compare	markitdown_supported	non_empty
json_tiny_object_basic_v1	json	tiny	json/tiny/json_tiny_object_basic_v1.json	copied_from_samples	samples/main_process/json/json_object_basic.json	77	c84aa1cad1d6b6e75f9f8fddbaff93b74cfe3c6f1e7eb39a51bd9ae4446ee231	smoke	micro,pipeline,product,external	repo-sample,json,baseline	accepted	Minimal tracked JSON object payload from repo-local samples.	external_compare	markitdown_supported	non_empty
json_small_spdx_exceptions_v1	json	small	json/small/json_small_spdx_exceptions_v1.json	copied_from_external_bench	json_spdx_exceptions|json/spdx_data/small/json_spdx_exceptions.json	40913	fe32c96ab7d5bb78a93758ebdc90465faf3f8226f320a099b64c2f0b9a4e1e41	smoke	micro,pipeline,product,external	external-bench,real-world,json,spdx,licenses	accepted	Small SPDX JSON sample copied from external bench pool.	external_compare	markitdown_supported	non_empty
json_medium_spdx_licenses_v1	json	medium	json/medium/json_medium_spdx_licenses_v1.json	copied_from_external_bench	json_spdx_licenses|json/spdx_data/medium/json_spdx_licenses.json	333752	c5a51836621ec723afcce3ff5728fd35653d806ca1086ee69f0fa9df28943d9c	regular	micro,pipeline,product,external	external-bench,real-world,json,spdx,licenses	accepted	Medium SPDX JSON payload retained as tracked benchmark corpus input.	self_baseline	external_baseline_stable_failure	non_empty
json_large_worldbank_population_v1	json	large	json/large/json_large_worldbank_population_v1.json	copied_from_external_bench	json_wb_population|json/worldbank_api/large/json_wb_population.json	3526530	2bb1839c140419b1cf1aebe61a140bed870917d2d2ba5a3d5afaa342cb50e3a0	release	micro,pipeline,product,external	external-bench,real-world,json,worldbank,many-records	accepted	Large World Bank JSON payload for release-tier benchmarks.	external_compare	markitdown_supported	non_empty
json_huge_synthetic_records_v1	json	huge	json/huge/json_huge_synthetic_records_v1.json	generated_tracked	generator:generate_json target_bytes=12000000	12000192	ca9117ba56dc7fa956f4a29dc7001fb64292b8f9f27b58aec321e0a09753b328	stress	micro,pipeline,product,external	generated,deterministic,json,nested,many-records,multilingual	accepted	Huge tracked JSON payload generated deterministically for stress benchmarks.	external_compare	markitdown_supported	non_empty
yaml_tiny_k8s_deployment_v1	yaml	tiny	yaml/tiny/yaml_tiny_k8s_deployment_v1.yaml	copied_from_external_bench	yaml_k8s_deployment|yaml/github_yaml/tiny/yaml_k8s_deployment.yaml	371	c57f73449b26eae02ca2a549c388807d49ef6d3f2dc040a9bbb1290128d97157	smoke	micro,pipeline,product,external	external-bench,real-world,yaml,kubernetes	accepted	Tiny tracked YAML sample copied from external bench pool.	external_compare	markitdown_supported	non_empty
yaml_small_swagger_petstore_v1	yaml	small	yaml/small/yaml_small_swagger_petstore_v1.yaml	copied_from_external_bench	yaml_swagger_petstore|yaml/github_yaml/small/yaml_swagger_petstore.yaml	23156	0d810997f6409d5cff6f0cf2c1466814ba52250a784cd841cacb93514c7a8502	smoke	micro,pipeline,product,external	external-bench,real-world,yaml,openapi	accepted	Small tracked YAML benchmark payload with public provenance.	external_compare	markitdown_supported	non_empty
yaml_medium_synthetic_catalog_v1	yaml	medium	yaml/medium/yaml_medium_synthetic_catalog_v1.yaml	generated_tracked	generator:generate_yaml target_bytes=250000	250023	76ef431794b9c601d2e691d0932d883080c4bf88ced7879d032cbff2e3ff9c78	regular	micro,pipeline,product,external	generated,deterministic,yaml,mappings,sequences,multilingual	accepted	Deterministic YAML payload generated to provide tracked larger-scale corpus coverage.	external_compare	markitdown_supported	non_empty
yaml_large_synthetic_catalog_v1	yaml	large	yaml/large/yaml_large_synthetic_catalog_v1.yaml	generated_tracked	generator:generate_yaml target_bytes=2000000	2000215	afab5516a61ceb0b036a509fe20400eaebbc541f74ecc905f6170e638cdc568d	release	micro,pipeline,product,external	generated,deterministic,yaml,mappings,sequences,multilingual	accepted	Deterministic YAML payload generated to provide tracked larger-scale corpus coverage.	external_compare	markitdown_supported	non_empty
yaml_huge_synthetic_catalog_v1	yaml	huge	yaml/huge/yaml_huge_synthetic_catalog_v1.yaml	generated_tracked	generator:generate_yaml target_bytes=12000000	12000003	df9bf30b08d636205c3a796c45b0bbf2b9d9e2796f91dc269deb0c788bcf8505	stress	micro,pipeline,product,external	generated,deterministic,yaml,mappings,sequences,multilingual	accepted	Deterministic YAML payload generated to provide tracked larger-scale corpus coverage.	external_compare	markitdown_supported	non_empty
xml_tiny_basic_v1	xml	tiny	xml/tiny/xml_tiny_basic_v1.xml	copied_from_samples	samples/main_process/xml/xml_basic.xml	36	15395cdb0483e51d53315ea2946a2d59f90b6a2c82e7566b2e50bf1dcab11f79	smoke	micro,pipeline,product,external	repo-sample,xml,baseline	accepted	Minimal tracked XML payload from repo-local samples.	external_compare	markitdown_supported	non_empty
xml_small_synthetic_entries_v1	xml	small	xml/small/xml_small_synthetic_entries_v1.xml	generated_tracked	generator:generate_xml target_bytes=25000	25142	faf54cd5d1fa16e142a5632a2eea1b5699866885c1bb5374bb05a9ccbda248d4	smoke	micro,pipeline,product,external	generated,deterministic,xml,nested,multilingual	accepted	Deterministic XML payload generated for tracked benchmark coverage.	external_compare	markitdown_supported	non_empty
xml_medium_synthetic_entries_v1	xml	medium	xml/medium/xml_medium_synthetic_entries_v1.xml	generated_tracked	generator:generate_xml target_bytes=300000	300017	2e88409407493451ba8d6e1243ed50c0e1930ec506df35e59a967a01250ee2de	regular	micro,pipeline,product,external	generated,deterministic,xml,nested,multilingual	accepted	Deterministic XML payload generated for tracked benchmark coverage.	external_compare	markitdown_supported	non_empty
xml_large_worldbank_population_v1	xml	large	xml/large/xml_large_worldbank_population_v1.xml	copied_from_external_bench	xml_wb_population|xml/worldbank_api/large/xml_wb_population.xml	5662768	0d6b41f1ce4723e21dc8bc1fe3e054d4ce7bfd563d0cb96416824f5460e9f8a8	release	micro,pipeline,product,external	external-bench,real-world,xml,worldbank,many-records	accepted	Large XML payload copied from external bench pool.	external_compare	markitdown_supported	non_empty
xml_huge_synthetic_entries_v1	xml	huge	xml/huge/xml_huge_synthetic_entries_v1.xml	generated_tracked	generator:generate_xml target_bytes=12000000	12000028	2144c5fdb7eb36b756cf5beb5ca2cf7dda0ab19dd097453a44d64208a655faa4	stress	micro,pipeline,product,external	generated,deterministic,xml,nested,many-records,multilingual	accepted	Huge tracked XML payload generated deterministically for stress benchmarks.	external_compare	markitdown_supported	non_empty
markdown_tiny_heading_paragraph_v1	markdown	tiny	markdown/tiny/markdown_tiny_heading_paragraph_v1.md	copied_from_samples	samples/main_process/markdown/markdown_basic_heading_paragraph.md	61	25068aaf7a4e2020699499c71f9301abed9889de2a3c675f37584ee67988703e	smoke	micro,pipeline,product,external	repo-sample,markdown,baseline	accepted	Tiny tracked Markdown payload from repo-local samples.	external_compare	markitdown_supported	non_empty
markdown_small_synthetic_book_v1	markdown	small	markdown/small/markdown_small_synthetic_book_v1.md	generated_tracked	generator:generate_markdown target_bytes=25000	25391	758c3e5d94f094a899b58deadea5438467cf1f34bb70df6448809bb6934982f3	smoke	micro,pipeline,product,external	generated,deterministic,markdown,headings,lists,code,footnotes,tables	accepted	Tracked deterministic Markdown payload generated because external_bench does not cover Markdown.	external_compare	markitdown_supported	non_empty
markdown_medium_synthetic_book_v1	markdown	medium	markdown/medium/markdown_medium_synthetic_book_v1.md	generated_tracked	generator:generate_markdown target_bytes=250000	250384	2a9ca80634f8d15c174bfd5aa7ff9fd2dd1b80480faf9d4041a05835d32dc207	regular	micro,pipeline,product,external	generated,deterministic,markdown,headings,lists,code,footnotes,tables	accepted	Tracked deterministic Markdown payload generated because external_bench does not cover Markdown.	external_compare	markitdown_supported	non_empty
markdown_large_synthetic_book_v1	markdown	large	markdown/large/markdown_large_synthetic_book_v1.md	generated_tracked	generator:generate_markdown target_bytes=2000000	2000604	bda2ac397bc2416ddecfbb8ee0ce8916a32e279408f8edd7b4ca1b736c2065d2	release	micro,pipeline,product,external	generated,deterministic,markdown,headings,lists,code,footnotes,tables	accepted	Tracked deterministic Markdown payload generated because external_bench does not cover Markdown.	external_compare	markitdown_supported	non_empty
markdown_huge_synthetic_book_v1	markdown	huge	markdown/huge/markdown_huge_synthetic_book_v1.md	generated_tracked	generator:generate_markdown target_bytes=12000000	12000138	1d6ee14637e36d0100d7318e6ad8b446ede880a64f453e0010fc090b57b27670	stress	micro,pipeline,product,external	generated,deterministic,markdown,headings,lists,code,footnotes,tables	accepted	Tracked deterministic Markdown payload generated because external_bench does not cover Markdown.	external_compare	markitdown_supported	non_empty
html_tiny_simple_v1	html	tiny	html/tiny/html_tiny_simple_v1.html	copied_from_samples	samples/main_process/html/html_simple.html	400	d52b6f59bab02686fbe04904346110cb3870e3346f0045a5c0a47841b7a90ddf	smoke	micro,pipeline,product,external	repo-sample,html,baseline	accepted	Tiny tracked HTML payload from repo-local samples.	external_compare	markitdown_supported	non_empty
html_small_synthetic_articles_v1	html	small	html/small/html_small_synthetic_articles_v1.html	generated_tracked	generator:generate_html target_bytes=25000	25048	eea1bc86e377884d96ef8be6b4c93a4920ebe186f98289cdd30e68f4922205e2	smoke	micro,pipeline,product,external	generated,deterministic,html,semantic,links,tables	accepted	Deterministic small HTML payload generated to fill tracked corpus coverage.	external_compare	markitdown_supported	non_empty
html_medium_wcag22_v1	html	medium	html/medium/html_medium_wcag22_v1.html	copied_from_external_bench	html_w3c_wcag22|html/w3c_specs/medium/wcag22.html	512457	6e3c5fe397257cae509a2fb4752b73062cf8cbeb92c2cec618989b17e4cf7057	regular	micro,pipeline,product,external	external-bench,real-world,html,w3c,spec	accepted	Medium real-world HTML spec copied from external bench pool.	external_compare	markitdown_supported	non_empty
html_large_wai_aria_v1	html	large	html/large/html_large_wai_aria_v1.html	copied_from_external_bench	html_w3c_wai_aria|html/w3c_specs/large/wai_aria.html	1410696	c0fea16fc747779569ab754d2d25bca3e2b7e8a673b8ef5362aeb9ebc73a4849	release	micro,pipeline,product,external	external-bench,real-world,html,w3c,aria,spec	accepted	Large real-world HTML spec payload for release-tier benchmarks.	external_compare	markitdown_supported	non_empty
html_huge_synthetic_articles_v1	html	huge	html/huge/html_huge_synthetic_articles_v1.html	generated_tracked	generator:generate_html target_bytes=12000000	12000512	a148f0826a82771a51b9b17d0699e571bcefa2cc90c3f24e9d6e10f2d0cec929	stress	micro,pipeline,product,external	generated,deterministic,html,semantic,tables,code,multilingual	accepted	Huge tracked HTML payload generated deterministically for stress-tier benchmarks.	external_compare	markitdown_supported	non_empty
zip_tiny_tsv_structured_v1	zip	tiny	zip/tiny/zip_tiny_tsv_structured_v1.zip	copied_from_samples	samples/main_process/zip/zip_tsv_structured.zip	298	1143cfd02d062a968230204fd99d984c13f3f5c031b04152e5235c437fbf6724	smoke	pipeline,product,external	repo-sample,zip,container,tsv	accepted	Tiny tracked ZIP container from repo-local samples.	external_compare	markitdown_supported	non_empty
zip_small_html_local_image_v1	zip	small	zip/small/zip_small_html_local_image_v1.zip	copied_from_samples	samples/main_process/zip/zip_html_local_image.zip	85836	31854525050a56b8bea09cfc4ffb2e82cf7711a637c102828d5b81cfa766d81c	smoke	pipeline,product,external	repo-sample,zip,html,assets	accepted	Small ZIP sample with repo-local HTML and asset payloads.	external_compare	markitdown_supported	non_empty
zip_medium_assets_namespace_v1	zip	medium	zip/medium/zip_medium_assets_namespace_v1.zip	copied_from_samples	samples/main_process/zip/zip_assets_namespace.zip	118759	e3a8069d70f9b4adc54c43137db530df4c4a74fa52a9dc0a3459b0cc40399e7c	regular	pipeline,product,external	repo-sample,zip,assets,namespaces	accepted	Entry-rich ZIP payload retained as tracked medium corpus input.	external_compare	markitdown_supported	non_empty
zip_large_gutenberg_sherlock_html_v1	zip	large	zip/large/zip_large_gutenberg_sherlock_html_v1.zip	copied_from_external_bench	zip_gutenberg_sherlock_html|zip/gutenberg_books/small/pg1661-h.zip	363976	2aeab5cd85c3dbbaa9d9fabd3ef7770faf755e54cd6bd5d243c856090f6b9d01	release	pipeline,product,external	external-bench,real-world,zip,html,many-entries	accepted	Content-scale large ZIP sample with many HTML entries copied from external bench pool.	external_compare	markitdown_supported	non_empty
zip_huge_missing_candidate_v1	zip	huge	zip/huge/zip_huge_missing_candidate_v1.zip	missing_candidate	missing: no tracked huge ZIP candidate selected in this round	0		disabled	pipeline,product,external	zip,container,missing	missing_candidate	Huge tracked ZIP payload is still missing; current curated set stops at content-scale large.	external_compare	markitdown_supported	non_empty
epub_tiny_basic_package_v1	epub	tiny	epub/tiny/epub_tiny_basic_package_v1.epub	copied_from_samples	samples/main_process/epub/epub_basic_package.epub	1046	c466798fd58d9c8453688e5baec85cef53b916347bae2ab285695e83b748a1fe	smoke	pipeline,product,external	repo-sample,epub,package	accepted	Tiny tracked EPUB package sample from repo-local samples.	external_compare	markitdown_supported	non_empty
epub_small_basic_spine_v1	epub	small	epub/small/epub_small_basic_spine_v1.epub	copied_from_samples	samples/main_process/epub/epub_basic_spine.epub	86883	631adfa01361596c2b7bf6b65346278f305c3c10b23f138d2e9c5b4e1acd0a1a	smoke	pipeline,product,external	repo-sample,epub,spine,chapters	accepted	Small tracked EPUB sample with multiple spine items.	external_compare	markitdown_supported	non_empty
epub_medium_alice_v1	epub	medium	epub/medium/epub_medium_alice_v1.epub	copied_from_external_bench	epub_gutenberg_alice|epub/gutenberg_books/small/pg11-images-3.epub	189196	b976d473e774aff4d2279ec3372708d7740baa7fcee3154187997986b3325bae	regular	pipeline,product,external	external-bench,real-world,epub,gutenberg,images	accepted	Medium EPUB payload copied from external bench pool.	external_compare	markitdown_supported	non_empty
epub_large_moby_dick_v1	epub	large	epub/large/epub_large_moby_dick_v1.epub	copied_from_external_bench	epub_gutenberg_moby_dick|epub/gutenberg_books/small/pg2701-images-3.epub	812577	a9e6b5515c881da23e79f1a035ce497032e5160b29df3663d3535939293bd9b8	release	pipeline,product,external	external-bench,real-world,epub,gutenberg,chapters,images	accepted	Content-scale large EPUB sample selected for chapter and asset breadth.	external_compare	markitdown_supported	non_empty
epub_huge_missing_candidate_v1	epub	huge	epub/huge/epub_huge_missing_candidate_v1.epub	missing_candidate	missing: no tracked huge EPUB candidate <=50MiB available from repo samples or external_bench	0		disabled	pipeline,product,external	epub,missing	missing_candidate	Huge tracked EPUB payload is not available in the current curated corpus.	external_compare	markitdown_supported	non_empty
pdf_tiny_root_native_text_baseline_v1	pdf	tiny	pdf/tiny/pdf_tiny_root_native_text_baseline_v1.pdf	copied_from_samples	samples/main_process/pdf/root_native_text_baseline.pdf	438	6fa3a74f0494682fd270f92379971c66a37ce7f877649313914875e63fea36e2	smoke	pipeline,product,external	repo-sample,pdf,native-text,baseline	accepted	Tiny native-text PDF baseline from repo-local samples.	external_compare	markitdown_supported	non_empty
pdf_small_heading_basic_v1	pdf	small	pdf/small/pdf_small_heading_basic_v1.pdf	copied_from_samples	samples/main_process/pdf/heading_basic.pdf	19521	08f56bfa6debfe8e102000fec5bd3601a5edd23391c9d9276be86e567e4f16e7	smoke	pipeline,product,external	repo-sample,pdf,native-text,headings	accepted	Small native-text PDF sample from repo-local product gate fixtures.	external_compare	markitdown_supported	non_empty
pdf_medium_nist_800_207_v1	pdf	medium	pdf/medium/pdf_medium_nist_800_207_v1.pdf	copied_from_external_bench	pdf_nist_800_207|pdf/nist_publications/medium/NIST.SP.800-207.pdf	966908	0290d6ece24874287316f4bf430fef770aa4ec08a2227c8f2c1e5b2ff975e03d	regular	pipeline,product,external	external-bench,real-world,pdf,native-text,nist	accepted	Medium native-text PDF copied from external bench pool.	external_compare	markitdown_supported	non_empty
pdf_large_nist_800_53r5_v1	pdf	large	pdf/large/pdf_large_nist_800_53r5_v1.pdf	copied_from_external_bench	pdf_nist_800_53r5|pdf/nist_publications/large/NIST.SP.800-53r5.pdf	6073678	fc63bcd61715d0181dd8e85998b1e6201ae3515fc6626102101cab1841e11ec6	release	pipeline,product,external	external-bench,real-world,pdf,native-text,nist,many-pages	accepted	Large native-text PDF payload for release-tier benchmarks.	external_compare	markitdown_supported	non_empty
pdf_huge_missing_candidate_v1	pdf	huge	pdf/huge/pdf_huge_missing_candidate_v1.pdf	missing_candidate	missing: no tracked native-text PDF >10MiB and <=50MiB selected in this round	0		disabled	pipeline,product,external	pdf,native-text,missing	missing_candidate	Huge PDF remains a missing candidate; OCR/rasterization and scanned PDF paths stay out of the default corpus.	external_compare	markitdown_supported	non_empty
docx_tiny_blockquote_basic_v1	docx	tiny	docx/tiny/docx_tiny_blockquote_basic_v1.docx	copied_from_samples	samples/main_process/docx/docx_blockquote_basic.docx	1299	f414928a21f329833202283e6b3f967e4615fe20cacbb022d264f63ed0e87bec	smoke	pipeline,product,external	repo-sample,docx,blockquote,ooxml	accepted	Tiny tracked DOCX sample from repo-local product fixtures.	external_compare	markitdown_supported	non_empty
docx_small_dvla_user_guide_v1	docx	small	docx/small/docx_small_dvla_user_guide_v1.docx	copied_from_external_bench	docx_dvla_user_guide|docx/opendatani/medium/driving-licence-data-user-guide-sep-2017.docx	22817	4f330dbb878996b684409933a1dde9c28bc22fd5119326aff1be5ee5c91ac021	smoke	pipeline,product,external	external-bench,real-world,docx,ooxml,tables	accepted	Tracked DOCX sample copied from external bench pool.	external_compare	markitdown_supported	non_empty
docx_medium_golden_v1	docx	medium	docx/medium/docx_medium_golden_v1.docx	copied_from_samples	samples/main_process/docx/golden.docx	100573	060c88ab193eb8714bd7c97bfbb8a70041199264a3a01d41f5d60004e255f206	regular	pipeline,product,external	repo-sample,docx,ooxml,mixed-content	accepted	Repo-local golden DOCX sample provides the current tracked medium document benchmark.	external_compare	markitdown_supported	non_empty
docx_large_missing_candidate_v1	docx	large	docx/large/docx_large_missing_candidate_v1.docx	missing_candidate	missing: no reliable tracked DOCX >=1MiB candidate selected in repo samples or external_bench	0		disabled	pipeline,product,external	docx,ooxml,missing	missing_candidate	Large DOCX remains missing; this round does not generate complex OOXML binaries.	external_compare	markitdown_supported	non_empty
docx_huge_missing_candidate_v1	docx	huge	docx/huge/docx_huge_missing_candidate_v1.docx	missing_candidate	missing: no reliable tracked DOCX >10MiB candidate selected in repo samples or external_bench	0		disabled	pipeline,product,external	docx,ooxml,missing	missing_candidate	Huge DOCX remains missing; complex OOXML generation is intentionally deferred.	external_compare	markitdown_supported	non_empty
pptx_tiny_hyperlink_basic_v1	pptx	tiny	pptx/tiny/pptx_tiny_hyperlink_basic_v1.pptx	copied_from_samples	samples/main_process/pptx/pptx_hyperlink_basic.pptx	28347	f225035fb051f820e145684d58436ca7e68cf4c6f3c3e3f7784d9831d77b099d	smoke	pipeline,product,external	repo-sample,pptx,links,ooxml	accepted	Tiny tracked PPTX sample from repo-local fixtures.	external_compare	markitdown_supported	non_empty
pptx_small_speaker_notes_basic_v1	pptx	small	pptx/small/pptx_small_speaker_notes_basic_v1.pptx	copied_from_samples	samples/main_process/pptx/pptx_speaker_notes_basic.pptx	57126	edf0a19ed3db8868ce8ca2f7600cc46b53e8b5025cf94f6cbbcc1d8f53440dc9	smoke	pipeline,product,external	repo-sample,pptx,notes,ooxml	accepted	Small tracked PPTX sample with speaker notes coverage.	external_compare	markitdown_supported	non_empty
pptx_medium_grouped_notes_v1	pptx	medium	pptx/medium/pptx_medium_grouped_notes_v1.pptx	copied_from_samples	samples/main_process/pptx/pptx_small_grouped_notes.pptx	186079	4a48b4405d986ff9442b6bed5ffb72fc32ecdcd2a67bd8ebb252b05fef58a21e	regular	pipeline,product,external	repo-sample,pptx,grouped-shapes,notes,ooxml	accepted	Repo-local PPTX sample with grouped shapes and notes retained as tracked medium corpus input.	external_compare	markitdown_supported	non_empty
pptx_large_nhs_diabetes_v1	pptx	large	pptx/large/pptx_large_nhs_diabetes_v1.pptx	copied_from_external_bench	pptx_nhs_diabetes|pptx/nhs_digital/large/NDA_DPP_MainReport_1718_1.1.pptx	452637	a93961619bd3bee20cf5726a966a1b7d9930b6095acd5e3dc35edd53ad403fca	release	pipeline,product,external	external-bench,real-world,pptx,slides,notes,ooxml	accepted	Content-scale large PPTX sample copied from external bench pool.	external_compare	markitdown_supported	non_empty
pptx_huge_missing_candidate_v1	pptx	huge	pptx/huge/pptx_huge_missing_candidate_v1.pptx	missing_candidate	missing: no tracked huge PPTX candidate <=50MiB selected in this round	0		disabled	pipeline,product,external	pptx,ooxml,missing	missing_candidate	Huge PPTX remains missing; complex OOXML generation is deferred.	external_compare	markitdown_supported	non_empty
xlsx_tiny_sheet_names_v1	xlsx	tiny	xlsx/tiny/xlsx_tiny_sheet_names_v1.xlsx	copied_from_samples	samples/main_process/xlsx/xlsx_sheet_names_markdown_chars.xlsx	4866	5d09bcda3f4ebeedb652c345534575f3969453740b6818a1475a5f97b63b7d75	smoke	pipeline,product,external	repo-sample,xlsx,sheet-names,ooxml	accepted	Tiny tracked XLSX sample from repo-local fixtures.	external_compare	markitdown_supported	non_empty
xlsx_small_multi_sheet_mixed_v1	xlsx	small	xlsx/small/xlsx_small_multi_sheet_mixed_v1.xlsx	copied_from_samples	samples/main_process/xlsx/xlsx_multi_sheet_mixed.xlsx	11035	fcd4011270af551df3f4fd90b4e1a616495ac39bd659cd20005fe708a6968a38	smoke	pipeline,product,external	repo-sample,xlsx,multi-sheet,ooxml	accepted	Small tracked XLSX sample with multiple sheets from repo-local samples.	external_compare	markitdown_supported	non_empty
xlsx_medium_regional_1971_2020_v1	xlsx	medium	xlsx/medium/xlsx_medium_regional_1971_2020_v1.xlsx	copied_from_external_bench	xlsx_ons_regional_1971_2020|xlsx/ons/medium/regionalpopestimatesenglandandwales19712020.xlsx	680936	1909312f73491a193181fcb86751987344145024283279393c9e7a04555b1a08	regular	pipeline,product,external	external-bench,real-world,xlsx,ons,multi-sheet	accepted	Medium XLSX payload copied from external bench pool.	external_compare	markitdown_supported	non_empty
xlsx_large_myeb_2011_2022_v1	xlsx	large	xlsx/large/xlsx_large_myeb_2011_2022_v1.xlsx	copied_from_external_bench	xlsx_ons_myeb_2011_2022|xlsx/ons/medium/myebtablesuk20112022.xlsx	6230283	ff659ea239a7e6d7a270c358091eee0fde0f81c0854c84ac9d6023608684887a	release	pipeline,product,external	external-bench,real-world,xlsx,ons,many-sheets	accepted	Large XLSX payload for release-tier workbook benchmarks.	external_compare	markitdown_supported	non_empty
xlsx_huge_myeb_2011_2024_v1	xlsx	huge	xlsx/huge/xlsx_huge_myeb_2011_2024_v1.xlsx	copied_from_external_bench	xlsx_ons_myeb_2011_2024|xlsx/ons/medium/myebtablesuk20112024.xlsx	47036552	321f27261c9cf110ea44ca10d198580ec3969bc1171c780cba5596184df9b04d	stress	pipeline,product,external	external-bench,real-world,xlsx,ons,huge-workbook	accepted	Tracked huge XLSX payload kept under the 50MiB single-file cap.	external_compare	markitdown_supported	non_empty
srt_tiny_single_cue_v1	srt	tiny	srt/tiny/srt_tiny_single_cue_v1.srt	generated_tracked	generator:single_srt_cue	45	51e5623150f34904a3e4959b88db31d462d53a5ca799a3a2b6902306382dd30c	smoke	micro,pipeline,product,external	generated,deterministic,srt,timing,baseline	accepted	Tiny generated SRT cue retained as the minimal subtitle benchmark seed.	external_compare	markitdown_supported	non_empty
srt_small_martinlindhe_sample_timing_v1	srt	small	srt/small/srt_small_martinlindhe_sample_timing_v1.srt	copied_from_external_quality	martinlindhe_subtitles|srt/martinlindhe-subtitles/sample.srt	272	484784b337b0c8d039df83b72423c1cf1d4274521ed0592edf2ac4d5702dd681	smoke	micro,pipeline,product,external	external-quality,real-world,srt,timing,multiline	accepted	Real-world subtitle sample copied from the curated Martin Lindhe SRT fixture set.	external_compare	markitdown_supported	non_empty
srt_medium_synthetic_repeated_cues_v1	srt	medium	srt/medium/srt_medium_synthetic_repeated_cues_v1.srt	generated_tracked	generator:repeat_srt seed=srt_small_martinlindhe_sample_timing_v1 target_bytes=250000	250149	008ecd25c5ac691af44a482f20d04a9787021d8717524990551c6210b56ef6c7	regular	micro,pipeline,product,external	generated,deterministic,srt,many-cues,multiline	accepted	Deterministic repeated SRT cue corpus used to expose subtitle scaling costs at regular tier.	external_compare	markitdown_supported	non_empty
srt_large_synthetic_repeated_cues_v1	srt	large	srt/large/srt_large_synthetic_repeated_cues_v1.srt	generated_tracked	generator:repeat_srt seed=srt_small_martinlindhe_sample_timing_v1 target_bytes=2000000	2000257	51ed4d54a86a7687215f17184b98b473cb323b649b2e9e3269070ba1d4013694	release	micro,pipeline,product,external	generated,deterministic,srt,many-cues,multiline	accepted	Release-tier SRT corpus generated by repeating a curated subtitle seed into a multi-megabyte cue stream.	external_compare	markitdown_supported	non_empty
srt_huge_synthetic_repeated_cues_v1	srt	huge	srt/huge/srt_huge_synthetic_repeated_cues_v1.srt	generated_tracked	generator:repeat_srt seed=srt_small_martinlindhe_sample_timing_v1 target_bytes=12000000	12000131	8cec6934499cef2e62f2cbdbf821eb6a88ef31821aad4f54c6dbf342c0e458d5	stress	micro,pipeline,product,external	generated,deterministic,srt,many-cues,stress	accepted	Stress-tier SRT corpus generated deterministically for very large cue-stream benchmarking.	external_compare	markitdown_supported	non_empty
vtt_tiny_single_cue_v1	vtt	tiny	vtt/tiny/vtt_tiny_single_cue_v1.vtt	generated_tracked	generator:single_vtt_cue	51	6191152ad68d6bee68aeeb824e83fcec81f6c8f0a4efdbfbddc284e752c032c9	smoke	micro,pipeline,product,external	generated,deterministic,vtt,timing,baseline	accepted	Tiny generated WebVTT cue retained as the minimal subtitle benchmark seed.	external_compare	markitdown_supported	non_empty
vtt_small_martinlindhe_sample_timing_v1	vtt	small	vtt/small/vtt_small_martinlindhe_sample_timing_v1.vtt	copied_from_external_quality	martinlindhe_subtitles|vtt/martinlindhe-subtitles/sample.vtt	192	ae8dc5f441ceee7aafc882441e36a66bc904dab383741ba8bdd523bad92d7f32	smoke	micro,pipeline,product,external	external-quality,real-world,vtt,timing,multiline	accepted	Curated WebVTT timing sample captured from the Martin Lindhe subtitle fixtures.	external_compare	markitdown_supported	non_empty
vtt_medium_synthetic_repeated_cues_v1	vtt	medium	vtt/medium/vtt_medium_synthetic_repeated_cues_v1.vtt	generated_tracked	generator:repeat_vtt seed=vtt_small_martinlindhe_sample_timing_v1 target_bytes=250000	250109	f22ddab1a5bf7c7daafe17d3d399f4a235f65ab6fc44d6a84719036ef04e26b7	regular	micro,pipeline,product,external	generated,deterministic,vtt,many-cues,multiline	accepted	Deterministic repeated WebVTT cue corpus used to expose subtitle scaling costs at regular tier.	external_compare	markitdown_supported	non_empty
vtt_large_synthetic_repeated_cues_v1	vtt	large	vtt/large/vtt_large_synthetic_repeated_cues_v1.vtt	generated_tracked	generator:repeat_vtt seed=vtt_small_martinlindhe_sample_timing_v1 target_bytes=2000000	2000169	0bffd7abbc77f818055a14fb14e2d30595272f1bc06ff2d723af8a60e628ead8	release	micro,pipeline,product,external	generated,deterministic,vtt,many-cues,multiline	accepted	Release-tier WebVTT corpus generated by repeating a curated subtitle seed into a multi-megabyte cue stream.	external_compare	markitdown_supported	non_empty
vtt_huge_synthetic_repeated_cues_v1	vtt	huge	vtt/huge/vtt_huge_synthetic_repeated_cues_v1.vtt	generated_tracked	generator:repeat_vtt seed=vtt_small_martinlindhe_sample_timing_v1 target_bytes=12000000	12000172	eb219c536c2f54afcae2512be09b89f635dd82188200612e531d3bdbe72808b7	stress	micro,pipeline,product,external	generated,deterministic,vtt,many-cues,stress	accepted	Stress-tier WebVTT corpus generated deterministically for very large cue-stream benchmarking.	external_compare	markitdown_supported	non_empty
jsonl_tiny_records_basic_v1	jsonl	tiny	jsonl/tiny/jsonl_tiny_records_basic_v1.jsonl	copied_from_samples	samples/fixtures/contracts/jsonl/jsonl_records_basic.jsonl	52	f7fcd18f67d0578318d1aa0fb9b0231e65816bfe224ae3a620415862949cc6ce	smoke	micro,pipeline,product,external	repo-sample,jsonl,baseline,records	accepted	Tiny tracked JSONL fixture from repo-local contracts for minimal line-delimited coverage.	external_compare	markitdown_supported	non_empty
jsonl_small_product_events_v1	jsonl	small	jsonl/small/jsonl_small_product_events_v1.jsonl	copied_from_external_quality	jsonl_datasets|jsonl/jsonl-datasets/product-events-10.jsonl	1390	e41d592ca76bc1117ed09eb2072b5ee59b4eadb884367a0cd0deca1afaa9e351	smoke	micro,pipeline,product,external	external-quality,real-world,jsonl,records,nested-object	accepted	Curated JSONL product-events sample with flat top-level schema and nested object cells.	external_compare	markitdown_supported	non_empty
jsonl_medium_synthetic_records_v1	jsonl	medium	jsonl/medium/jsonl_medium_synthetic_records_v1.jsonl	generated_tracked	generator:repeat_jsonl seed=jsonl_small_product_events_v1 target_bytes=300000	300035	1563fe78614556c8c0500de234b808e436574cbff397bd4dce807d9e08e1d3cc	regular	micro,pipeline,product,external	generated,deterministic,jsonl,many-records,nested-object	accepted	Deterministic JSONL corpus generated from a real product-events seed for regular-tier line-delimited benchmarking.	external_compare	markitdown_supported	non_empty
jsonl_large_synthetic_records_v1	jsonl	large	jsonl/large/jsonl_large_synthetic_records_v1.jsonl	generated_tracked	generator:repeat_jsonl seed=jsonl_small_product_events_v1 target_bytes=2000000	2000028	0d71d4ea77c9c997379d1993a7416f2ee98f0492bd1094e0d96d3f96a339a4e5	release	micro,pipeline,product,external	generated,deterministic,jsonl,many-records,nested-object	accepted	Release-tier JSONL corpus generated from a real product-events seed to stress record-stream throughput.	external_compare	markitdown_supported	non_empty
jsonl_huge_synthetic_records_v1	jsonl	huge	jsonl/huge/jsonl_huge_synthetic_records_v1.jsonl	generated_tracked	generator:repeat_jsonl seed=jsonl_small_product_events_v1 target_bytes=12000000	12000141	9183936feb00ae37f1af426ef1858f37832ef10a4c54fe12904d3d07350657b8	stress	micro,pipeline,product,external	generated,deterministic,jsonl,many-records,stress	accepted	Stress-tier JSONL corpus generated deterministically for very large record-stream benchmarking.	external_compare	markitdown_supported	non_empty
ndjson_tiny_records_basic_v1	ndjson	tiny	ndjson/tiny/ndjson_tiny_records_basic_v1.ndjson	copied_from_samples	samples/fixtures/contracts/ndjson/ndjson_records_basic.ndjson	53	36fc763c538897315f957de7fb5789af12afd0c862fac8d4441bc95e457d6d8a	smoke	micro,pipeline,product,external	repo-sample,ndjson,baseline,records	accepted	Tiny tracked NDJSON fixture from repo-local contracts for minimal line-delimited coverage.	external_compare	markitdown_supported	non_empty
ndjson_small_product_events_v1	ndjson	small	ndjson/small/ndjson_small_product_events_v1.ndjson	copied_from_external_quality	jsonl_datasets|jsonl/jsonl-datasets/product-events-10.jsonl	1390	e41d592ca76bc1117ed09eb2072b5ee59b4eadb884367a0cd0deca1afaa9e351	smoke	micro,pipeline,product,external	external-quality,real-world,ndjson,records,nested-object	accepted	Curated NDJSON product-events sample using the same stable event schema as the JSONL benchmark seed.	external_compare	markitdown_supported	non_empty
ndjson_medium_synthetic_records_v1	ndjson	medium	ndjson/medium/ndjson_medium_synthetic_records_v1.ndjson	generated_tracked	generator:repeat_ndjson seed=ndjson_small_product_events_v1 target_bytes=300000	300035	1563fe78614556c8c0500de234b808e436574cbff397bd4dce807d9e08e1d3cc	regular	micro,pipeline,product,external	generated,deterministic,ndjson,many-records,nested-object	accepted	Deterministic NDJSON corpus generated from a real product-events seed for regular-tier benchmarking.	external_compare	markitdown_supported	non_empty
ndjson_large_synthetic_records_v1	ndjson	large	ndjson/large/ndjson_large_synthetic_records_v1.ndjson	generated_tracked	generator:repeat_ndjson seed=ndjson_small_product_events_v1 target_bytes=2000000	2000028	0d71d4ea77c9c997379d1993a7416f2ee98f0492bd1094e0d96d3f96a339a4e5	release	micro,pipeline,product,external	generated,deterministic,ndjson,many-records,nested-object	accepted	Release-tier NDJSON corpus generated from a real product-events seed to stress record-stream throughput.	external_compare	markitdown_supported	non_empty
ndjson_huge_synthetic_records_v1	ndjson	huge	ndjson/huge/ndjson_huge_synthetic_records_v1.ndjson	generated_tracked	generator:repeat_ndjson seed=ndjson_small_product_events_v1 target_bytes=12000000	12000141	9183936feb00ae37f1af426ef1858f37832ef10a4c54fe12904d3d07350657b8	stress	micro,pipeline,product,external	generated,deterministic,ndjson,many-records,stress	accepted	Stress-tier NDJSON corpus generated deterministically for very large record-stream benchmarking.	external_compare	markitdown_supported	non_empty
ipynb_tiny_markdown_basic_v1	ipynb	tiny	ipynb/tiny/ipynb_tiny_markdown_basic_v1.ipynb	copied_from_samples	samples/fixtures/contracts/ipynb/ipynb_markdown_basic.ipynb	639	bf11f71f155429535c737877d948596dfa2014284ee5a0aedbb595a2b06a35c0	smoke	micro,pipeline,product,external	repo-sample,ipynb,markdown,baseline	accepted	Tiny notebook fixture from repo-local contracts for minimal markdown-cell coverage.	external_compare	markitdown_supported	non_empty
ipynb_small_jupyterlab_long_outputs_v1	ipynb	small	ipynb/small/ipynb_small_jupyterlab_long_outputs_v1.ipynb	copied_from_external_quality	jupyterlab_notebooks|ipynb/jupyterlab/long_outputs.ipynb	4372	70bb6de129726900f5e676cc700c88e1f488c71dcd112dc21584b41c406eac19	smoke	micro,pipeline,product,external	external-quality,real-world,ipynb,outputs,markdown	accepted	Curated JupyterLab notebook with mixed output shapes and markdown cells.	external_compare	markitdown_supported	non_empty
ipynb_medium_nbformat_test4plus_v1	ipynb	medium	ipynb/medium/ipynb_medium_nbformat_test4plus_v1.ipynb	copied_from_external_quality	jupyter_nbformat_notebooks|ipynb/jupyter-nbformat/test4plus.ipynb	18282	83853eed4306b8fb2ca291fd9a634fc61c4cb520a36128277d58fc3da706959a	regular	micro,pipeline,product,external	external-quality,real-world,ipynb,nbformat,attachments	accepted	Official nbformat test notebook retained as the regular-tier notebook benchmark anchor.	external_compare	markitdown_supported	non_empty
ipynb_large_synthetic_repeated_cells_v1	ipynb	large	ipynb/large/ipynb_large_synthetic_repeated_cells_v1.ipynb	generated_tracked	generator:repeat_ipynb seed=ipynb_large_working_markdown_cells_v1 target_cells=1400	2676859	3510e307509b333b895e2344f9cab4a0a70098fb6052177e6cef83a49106d212	release	micro,pipeline,product,external	generated,deterministic,ipynb,many-cells,attachments	accepted	Release-tier notebook corpus generated by repeating a rich markdown/attachment notebook into a cell-heavy workload.	external_compare	markitdown_supported	non_empty
ipynb_huge_synthetic_repeated_cells_v1	ipynb	huge	ipynb/huge/ipynb_huge_synthetic_repeated_cells_v1.ipynb	generated_tracked	generator:repeat_ipynb seed=ipynb_large_working_markdown_cells_v1 target_cells=7200	13861162	7d1b4046905fa788a6ba167933b25a4b8f5611e6335e92fbad0844f81477470f	stress	micro,pipeline,product,external	generated,deterministic,ipynb,many-cells,stress	accepted	Stress-tier notebook corpus generated deterministically to force block-stream notebook routes at very large scale.	external_compare	markitdown_supported	non_empty
toml_tiny_object_basic_v1	toml	tiny	toml/tiny/toml_tiny_object_basic_v1.toml	copied_from_samples	samples/fixtures/contracts/toml/toml_object_basic.toml	46	0f6e94c97ad5a3dd454eb92ff80c563a6c4c122582d696e323e3730292a0679f	smoke	micro,pipeline,product,external	repo-sample,toml,baseline,object	accepted	Tiny tracked TOML object from repo-local contracts for minimal scalar/table coverage.	external_compare	markitdown_supported	non_empty
toml_small_multiline_v1	toml	small	toml/small/toml_small_multiline_v1.toml	derived_from_external_quality	toml_test_suite|toml/toml-test/multiline.toml	596	d12fc2961c56f0bc029e8734034ddeeab78bfaa188b3f0af6d960b7f98d9adc4	smoke	micro,pipeline,product,external	external-quality,toml,multiline,strings	accepted	Small TOML excerpt retained from the upstream toml-test fixture corpus for multiline-string coverage.	external_compare	markitdown_supported	non_empty
toml_medium_pydantic_pyproject_v1	toml	medium	toml/medium/toml_medium_pydantic_pyproject_v1.toml	copied_from_external_quality	pydantic_repo_toml|toml/pydantic/pyproject.toml	9085	8375abce73bfeab0ffd54df6934079380acab1fe0aac515b211c8f307cb53782	regular	micro,pipeline,product,external	external-quality,real-world,toml,pyproject,nested-tables	accepted	Real-world Pydantic pyproject retained as the regular-tier TOML benchmark anchor.	external_compare	markitdown_supported	non_empty
toml_large_synthetic_bench_config_v1	toml	large	toml/large/toml_large_synthetic_bench_config_v1.toml	generated_tracked	generator:repeat_toml_tables seed=toml_medium_pydantic_pyproject_v1 item_count=6000	869263	5332081e293833de3d542b4f53ee00296420d5f6465c8bdf32b946704a8a1f94	release	micro,pipeline,product,external	generated,deterministic,toml,many-tables,large-config	accepted	Release-tier TOML config generated deterministically to stress repeated table and array-of-table lowering.	external_compare	markitdown_supported	non_empty
toml_huge_synthetic_bench_config_v1	toml	huge	toml/huge/toml_huge_synthetic_bench_config_v1.toml	generated_tracked	generator:repeat_toml_tables seed=toml_medium_pydantic_pyproject_v1 item_count=36000	5264613	3c7ca6b227a7cfe93a16800e6ea187363f11e2d86862c669c6ac9a075941f308	stress	micro,pipeline,product,external	generated,deterministic,toml,many-tables,stress	accepted	Stress-tier TOML config generated deterministically for very large nested configuration benchmarking.	external_compare	markitdown_supported	non_empty
eml_tiny_basic_plain_v1	eml	tiny	eml/tiny/eml_tiny_basic_plain_v1.eml	generated_tracked	generator:tiny_eml_plain	60	19767222668e99ac58cf7a6ac218ed12af3db6e79faf360e3e88919ad018de11	smoke	micro,pipeline,product,external	generated,deterministic,eml,plain,baseline	accepted	Tiny generated RFC822 message retained as the minimal mail benchmark seed.	external_compare	markitdown_supported	non_empty
eml_small_apache_james_basic_plain_v1	eml	small	eml/small/eml_small_apache_james_basic_plain_v1.eml	copied_from_external_quality	apache_james_mime4j_tests|eml/apache-james-mime4j/basic-plain.msg	280	0a70fa67b87c1ecd228d6217504b8c9dc95360ebad5cf74f27bc00e37fc7a43d	smoke	micro,pipeline,product,external	external-quality,real-world,eml,plain,single-part	accepted	Curated plain-text MIME message copied from Apache James Mime4j test fixtures.	external_compare	markitdown_supported	non_empty
eml_medium_apache_james_simple_attachment_v1	eml	medium	eml/medium/eml_medium_apache_james_simple_attachment_v1.eml	copied_from_external_quality	apache_james_mime4j_tests|eml/apache-james-mime4j/simple-attachment.msg	2068	46da0c106d2dd6bb9e4b63e079a367ddc1a2bd472869a662d86da24918e3499f	regular	micro,pipeline,product,external	external-quality,real-world,eml,multipart,attachment	accepted	Curated multipart MIME message with attachment inventory retained for regular-tier mail benchmarks.	external_compare	markitdown_supported	non_empty
eml_large_synthetic_many_attachments_v1	eml	large	eml/large/eml_large_synthetic_many_attachments_v1.eml	generated_tracked	generator:multipart_eml attachment_count=24 attachment_bytes=16384	538187	afe965800b244bd30ee525e5b75a6ef20326b2452530d307124832f6e01fc145	release	micro,pipeline,product,external	generated,deterministic,eml,multipart,attachments	accepted	Release-tier synthetic MIME message with many attachments to expose multipart traversal and inventory costs.	external_compare	markitdown_supported	non_empty
eml_huge_synthetic_many_attachments_v1	eml	huge	eml/huge/eml_huge_synthetic_many_attachments_v1.eml	generated_tracked	generator:multipart_eml attachment_count=180 attachment_bytes=65536	15972656	6233946fd97bb37ab92c834d27a6856be812ba2a112b85bba9d6c692a9f1e794	stress	micro,pipeline,product,external	generated,deterministic,eml,multipart,stress	accepted	Stress-tier synthetic MIME message with very many large attachments for mail-path stress benchmarking.	external_compare	markitdown_supported	non_empty
tex_tiny_basic_v1	tex	tiny	tex/tiny/tex_tiny_basic_v1.tex	copied_from_samples	samples/fixtures/contracts/tex/tex_basic.tex	91	594c893a12578297d273c4808cf7f3f863abdf6645c3c56be3ed2cae6ef44f21	smoke	micro,pipeline,product,external	repo-sample,tex,baseline,sections	accepted	Tiny tracked TeX sample from repo-local contracts for minimal section parsing coverage.	external_compare	markitdown_supported	non_empty
tex_small_latex2e_excerpt_v1	tex	small	tex/small/tex_small_latex2e_excerpt_v1.tex	derived_from_external_quality	latex2e_samples|tex/latex2e/sample2e.tex	6000	f70f3db7002d9990aa5a3f1c5b0109f688b4cd02699685bd0f79bbb32fbfef28	smoke	micro,pipeline,product,external	external-quality,tex,excerpt,sections	accepted	Small excerpt derived from the official LaTeX2e sample document for lightweight typed-lowering coverage.	external_compare	markitdown_supported	non_empty
tex_medium_latex2e_sample2e_v1	tex	medium	tex/medium/tex_medium_latex2e_sample2e_v1.tex	copied_from_external_quality	latex2e_samples|tex/latex2e/sample2e.tex	7200	f135855f870c31f1101001bdb75b11e94a23c2605f7ab5dffa1299d53b1977cc	regular	micro,pipeline,product,external	external-quality,real-world,tex,sections,quotes	accepted	Official LaTeX2e sample document retained as the regular-tier TeX benchmark anchor.	external_compare	markitdown_supported	non_empty
tex_large_synthetic_sections_v1	tex	large	tex/large/tex_large_synthetic_sections_v1.tex	generated_tracked	generator:repeat_tex_sections seed=tex_medium_latex2e_sample2e_v1 target_bytes=2000000	2003264	6a8a3b82db1f5729ed7be44f80aca02e48b1b8c1aa22e07d34e21ece7c690554	release	micro,pipeline,product,external	generated,deterministic,tex,many-sections,large-doc	accepted	Release-tier TeX corpus generated deterministically by repeating a section-rich LaTeX sample.	external_compare	markitdown_supported	non_empty
tex_huge_synthetic_sections_v1	tex	huge	tex/huge/tex_huge_synthetic_sections_v1.tex	generated_tracked	generator:repeat_tex_sections seed=tex_medium_latex2e_sample2e_v1 target_bytes=12000000	12001212	ead10e960614050bc4639634d26b998ba63c10b3f56e8c24c69ad280b63577cc	stress	micro,pipeline,product,external	generated,deterministic,tex,many-sections,stress	accepted	Stress-tier TeX corpus generated deterministically for very large typed-lowering benchmarks.	external_compare	markitdown_supported	non_empty
rst_tiny_basic_v1	rst	tiny	rst/tiny/rst_tiny_basic_v1.rst	copied_from_samples	samples/fixtures/contracts/rst/rst_basic.rst	56	9dd0219b2cfc70cf6482b6dc57d8cc504322b8087710e88b62366cd1ce3394b8	smoke	micro,pipeline,product,external	repo-sample,rst,baseline,sections	accepted	Tiny tracked reStructuredText sample from repo-local contracts for minimal heading coverage.	external_compare	markitdown_supported	non_empty
rst_small_docutils_quickstart_excerpt_v1	rst	small	rst/small/rst_small_docutils_quickstart_excerpt_v1.rst	derived_from_external_quality	docutils_rst_docs|rst/docutils/quickstart.rst	6000	2f14383afcb63a34c05e52b6fdf9e7ad302d10ccaa243b194958306dba07c130	smoke	micro,pipeline,product,external	external-quality,rst,excerpt,directives	accepted	Small excerpt derived from the Docutils quickstart primer for lightweight directive and literal-block coverage.	external_compare	markitdown_supported	non_empty
rst_medium_docutils_quickstart_v1	rst	medium	rst/medium/rst_medium_docutils_quickstart_v1.rst	copied_from_external_quality	docutils_rst_docs|rst/docutils/quickstart.rst	11822	31c291293ddf15513e9709faa36da0fb42904a4ec513e7e7d4226d027dad07b9	regular	micro,pipeline,product,external	external-quality,real-world,rst,directives,literal-block	accepted	Official Docutils quickstart primer retained as the regular-tier reStructuredText benchmark anchor.	external_compare	markitdown_supported	non_empty
rst_large_synthetic_primer_v1	rst	large	rst/large/rst_large_synthetic_primer_v1.rst	generated_tracked	generator:repeat_rst_sections seed=rst_medium_docutils_quickstart_v1 target_bytes=2000000	2004120	45fd2fe7d226949d840f3a2a64a081867861ffe89b8e9f42b1b5c38a2849586b	release	micro,pipeline,product,external	generated,deterministic,rst,many-sections,large-doc	accepted	Release-tier reStructuredText corpus generated deterministically from a directive-rich primer seed.	external_compare	markitdown_supported	non_empty
rst_huge_synthetic_primer_v1	rst	huge	rst/huge/rst_huge_synthetic_primer_v1.rst	generated_tracked	generator:repeat_rst_sections seed=rst_medium_docutils_quickstart_v1 target_bytes=12000000	12000372	4746b1470de6fc71c8822f4f82b2f42cfad5c6756eabe4428b4accd11e8006c5	stress	micro,pipeline,product,external	generated,deterministic,rst,many-sections,stress	accepted	Stress-tier reStructuredText corpus generated deterministically for very large typed-lowering benchmarks.	external_compare	markitdown_supported	non_empty
asciidoc_tiny_basic_v1	asciidoc	tiny	asciidoc/tiny/asciidoc_tiny_basic_v1.adoc	copied_from_samples	samples/fixtures/contracts/asciidoc/asciidoc_basic.adoc	56	fe0a3b4952ec91de0479d01bdaac545086f7ce0e91858c2a07835f8dd6498979	smoke	micro,pipeline,product,external	repo-sample,asciidoc,baseline,sections	accepted	Tiny tracked AsciiDoc sample from repo-local contracts for minimal heading coverage.	external_compare	markitdown_supported	non_empty
asciidoc_small_asciidoctor_readme_excerpt_v1	asciidoc	small	asciidoc/small/asciidoc_small_asciidoctor_readme_excerpt_v1.adoc	derived_from_external_quality	asciidoctor_docs|asciidoc/asciidoctor/README.adoc	6015	5330c82ff3d4bac19f0134efc5e6724e87bc3ea43514b89ff6c195bfa30c3fb4	smoke	micro,pipeline,product,external	external-quality,asciidoc,excerpt,attributes	accepted	Small excerpt derived from the real Asciidoctor README for lightweight attribute-heavy coverage.	external_compare	markitdown_supported	non_empty
asciidoc_medium_asciidoctor_readme_v1	asciidoc	medium	asciidoc/medium/asciidoc_medium_asciidoctor_readme_v1.adoc	copied_from_external_quality	asciidoctor_docs|asciidoc/asciidoctor/README.adoc	20494	18c0db23bc4528a768824e5b84bc3a2ad4c62c897cc764c18cac0c4e119eac08	regular	micro,pipeline,product,external	external-quality,real-world,asciidoc,attributes,macros	accepted	Real-world Asciidoctor README retained as the regular-tier AsciiDoc benchmark anchor.	external_compare	markitdown_supported	non_empty
asciidoc_large_synthetic_repeated_readme_v1	asciidoc	large	asciidoc/large/asciidoc_large_synthetic_repeated_readme_v1.adoc	generated_tracked	generator:repeat_asciidoc_readme seed=asciidoc_medium_asciidoctor_readme_v1 target_bytes=2000000	2011920	809cdae9a7798c18a76e424c74739ad2b9ec2f6ce6d7c615d1bc50dd98cdfec7	release	micro,pipeline,product,external	generated,deterministic,asciidoc,many-sections,macros	accepted	Release-tier AsciiDoc corpus generated deterministically from an attribute-heavy README seed.	external_compare	markitdown_supported	non_empty
asciidoc_huge_synthetic_repeated_readme_v1	asciidoc	huge	asciidoc/huge/asciidoc_huge_synthetic_repeated_readme_v1.adoc	generated_tracked	generator:repeat_asciidoc_readme seed=asciidoc_medium_asciidoctor_readme_v1 target_bytes=12000000	12012755	9d47a9a0a60309f4fbdac366db5c2e03830172cc20c91d60652b3be9fdfb7e0b	stress	micro,pipeline,product,external	generated,deterministic,asciidoc,many-sections,stress	accepted	Stress-tier AsciiDoc corpus generated deterministically for very large typed-lowering benchmarks.	external_compare	markitdown_supported	non_empty
odt_tiny_basic_sample_v1	odt	tiny	odt/tiny/odt_tiny_basic_sample_v1.odt	copied_from_samples	samples/fixtures/contracts/odt/odt_basic_sample.odt	1507	127a01e956046fce1f637753685d77ba7f12d989276c3c6a716417e892680ebb	smoke	pipeline,product,external	repo-sample,odt,baseline,package	accepted	Tiny tracked ODT package from repo-local fixtures for minimal document coverage.	self_baseline	external_baseline_unsupported	non_empty
odt_small_odf_toolkit_hello_world_v1	odt	small	odt/small/odt_small_odf_toolkit_hello_world_v1.odt	copied_from_external_quality	odf_toolkit_tests|odt/odf-toolkit/HelloWorld.odt	8302	8bcab0ccafe0ce80fb85b4b90c4aabef92b101576457e3752a89ecc0f2e73c1b	smoke	pipeline,product,external	external-quality,real-world,odt,text,package	accepted	Curated ODF Toolkit HelloWorld document retained as the small ODT benchmark anchor.	self_baseline	external_baseline_unsupported	non_empty
odt_medium_odf_toolkit_test_text_table_v1	odt	medium	odt/medium/odt_medium_odf_toolkit_test_text_table_v1.odt	copied_from_external_quality	odf_toolkit_tests|odt/odf-toolkit/TestTextTable.odt	10245	cd5f088a506c8b073513448f32bc196e6ca1bbedc439062fa1e26df7f8947218	regular	pipeline,product,external	external-quality,real-world,odt,tables,package	accepted	Curated ODF Toolkit text-table document retained as the regular-tier ODT benchmark anchor.	self_baseline	external_baseline_unsupported	non_empty
odt_large_odf_toolkit_feature_images_v1	odt	large	odt/large/odt_large_odf_toolkit_feature_images_v1.odt	copied_from_external_quality	odf_toolkit_tests|odt/odf-toolkit/feature_images.odt	95768	c474449e9347d06f2232e375529442f3c6a0fe4c7cb16ba70737780b77ca5219	release	pipeline,product,external	external-quality,real-world,odt,images,package	accepted	Release-tier ODT package with embedded images retained from the ODF Toolkit test corpus.	self_baseline	external_baseline_unsupported	non_empty
odt_huge_missing_candidate_v1	odt	huge	odt/huge/odt_huge_missing_candidate_v1.odt	missing_candidate	missing: no tracked huge ODT candidate selected in this round	0		disabled	pipeline,product,external	odt,package,missing	missing_candidate	Huge ODT package is still missing; current curated set stops at content-scale large.	self_baseline	external_baseline_unsupported	non_empty
ods_tiny_basic_sample_v1	ods	tiny	ods/tiny/ods_tiny_basic_sample_v1.ods	copied_from_samples	samples/fixtures/contracts/ods/ods_basic_sample.ods	1168	1fd4a89cd6364cd91ec864f199fbb4db51b609cba55b7ae5c0135902dfb3e485	smoke	pipeline,product,external	repo-sample,ods,baseline,package	accepted	Tiny tracked ODS package from repo-local fixtures for minimal spreadsheet coverage.	self_baseline	external_baseline_unsupported	non_empty
ods_small_odf_toolkit_merged_cells_v1	ods	small	ods/small/ods_small_odf_toolkit_merged_cells_v1.ods	copied_from_external_quality	odf_toolkit_tests|ods/odf-toolkit/MergedCells.ods	3354	3f14d61b3cdafd537982f04322b5fc4e71b42a46c99b13d611551057ed5fec5e	smoke	pipeline,product,external	external-quality,real-world,ods,merged-cells,package	accepted	Curated ODF Toolkit merged-cells spreadsheet retained as the small ODS benchmark anchor.	self_baseline	external_baseline_unsupported	non_empty
ods_medium_odf_toolkit_st_formulas_v1	ods	medium	ods/medium/ods_medium_odf_toolkit_st_formulas_v1.ods	copied_from_external_quality	odf_toolkit_tests|ods/odf-toolkit/ST_Formulas.ods	15984	c9d0dda5022a915c068e8e51618d00a37d0918c7a5a705fcc8b824388ee87a68	regular	pipeline,product,external	external-quality,real-world,ods,formulas,package	accepted	Curated ODF Toolkit formulas spreadsheet retained as the regular-tier ODS benchmark anchor.	self_baseline	external_baseline_unsupported	non_empty
ods_large_odf_toolkit_st_note_v1	ods	large	ods/large/ods_large_odf_toolkit_st_note_v1.ods	copied_from_external_quality	odf_toolkit_tests|ods/odf-toolkit/ST_Note.ods	29994	eb64768a027b19b1d1270d1c36965899bb3280206a5d9f1aaf1b94fa99ea2561	release	pipeline,product,external	external-quality,real-world,ods,notes,package	accepted	Release-tier ODS package with note-bearing sheets retained from the ODF Toolkit test corpus.	self_baseline	external_baseline_unsupported	non_empty
ods_huge_missing_candidate_v1	ods	huge	ods/huge/ods_huge_missing_candidate_v1.ods	missing_candidate	missing: no tracked huge ODS candidate selected in this round	0		disabled	pipeline,product,external	ods,package,missing	missing_candidate	Huge ODS package is still missing; current curated set stops at content-scale large.	self_baseline	external_baseline_unsupported	non_empty
odp_tiny_basic_sample_v1	odp	tiny	odp/tiny/odp_tiny_basic_sample_v1.odp	copied_from_samples	samples/fixtures/contracts/odp/odp_basic_sample.odp	1574	19a9a7fa6ce4841825ac66452d3ce6b7b5ba3eea2fd4ff3ee403313ea205717d	smoke	pipeline,product,external	repo-sample,odp,baseline,package	accepted	Tiny tracked ODP package from repo-local fixtures for minimal slide coverage.	self_baseline	external_baseline_unsupported	non_empty
odp_small_odf_toolkit_slide_test1_v1	odp	small	odp/small/odp_small_odf_toolkit_slide_test1_v1.odp	copied_from_external_quality	odf_toolkit_tests|odp/odf-toolkit/SlideTest1.odp	31648	75c8f889bdb55b1d5b6b3501ccec7d376d5509c033e81285612ec4039afd5d01	smoke	pipeline,product,external	external-quality,real-world,odp,slides,package	accepted	Curated ODF Toolkit slide sample retained as the small ODP benchmark anchor.	self_baseline	external_baseline_unsupported	non_empty
odp_medium_odf_toolkit_slide_test3_v1	odp	medium	odp/medium/odp_medium_odf_toolkit_slide_test3_v1.odp	copied_from_external_quality	odf_toolkit_tests|odp/odf-toolkit/SlideTest3.odp	213275	bbb3617b6f776d6a285309ff50d73d7d696b8771b08c0aa3aee499d8984056b5	regular	pipeline,product,external	external-quality,real-world,odp,slides,images	accepted	Curated ODF Toolkit multi-slide sample retained as the regular-tier ODP benchmark anchor.	self_baseline	external_baseline_unsupported	non_empty
odp_large_odf_toolkit_presentation1_v1	odp	large	odp/large/odp_large_odf_toolkit_presentation1_v1.odp	copied_from_external_quality	odf_toolkit_tests|odp/odf-toolkit/Presentation1.odp	715354	9aae24aa8ff6233ecc92b7f47ff13da4cf399998926b120fde7df889d84553b8	release	pipeline,product,external	external-quality,real-world,odp,slides,embedded-objects	accepted	Release-tier ODP package with many slides and embedded objects retained from the ODF Toolkit test corpus.	self_baseline	external_baseline_unsupported	non_empty
odp_huge_missing_candidate_v1	odp	huge	odp/huge/odp_huge_missing_candidate_v1.odp	missing_candidate	missing: no tracked huge ODP candidate selected in this round	0		disabled	pipeline,product,external	odp,package,missing	missing_candidate	Huge ODP package is still missing; current curated set stops at content-scale large.	self_baseline	external_baseline_unsupported	non_empty
ocr_tiny_png_basic_v1	ocr	tiny	ocr/tiny/ocr_tiny_png_basic_v1.png	copied_from_samples	samples/fixtures/contracts/ocr/ocr_tiny_png.png	5976	f475c080cf871bd2e1496876d7a3b30af2ebb8eb36f5a744c9c62c2d596c4aa2	smoke	pipeline,product,external	repo-sample,ocr,image,baseline	accepted	Tiny repo-local OCR image retained as the minimal direct-image benchmark seed.	self_baseline	optional_external_runtime	non_empty
ocr_small_self_heading_paragraph_v1	ocr	small	ocr/small/ocr_small_self_heading_paragraph_v1.png	copied_from_external_quality	ocr_src_0027|ocr/self_synthetic/samples/layout/ocr_layout_self_heading_paragraph_0001.png	66316	11d8c3d5a7a573f1e761e41990c83b1bb128b6638b6f4b66b4598362ac2c7034	smoke	pipeline,product,external	external-quality,ocr,self-synthetic,layout	accepted	Curated self-owned OCR image with simple heading/paragraph structure retained as the small OCR benchmark anchor.	self_baseline	optional_external_runtime	non_empty
ocr_medium_self_multi_column_v1	ocr	medium	ocr/medium/ocr_medium_self_multi_column_v1.png	copied_from_external_quality	ocr_src_0027|ocr/self_synthetic/samples/layout/ocr_layout_self_multi_column_0001.png	64538	b07d68738a86ee85645328ac526a711a4d2397b332372295b0af5c75b3b4dbb0	regular	pipeline,product,external	external-quality,ocr,self-synthetic,multi-column	accepted	Curated self-owned OCR image with multi-column layout retained as the regular-tier OCR benchmark anchor.	self_baseline	optional_external_runtime	non_empty
ocr_large_commons_typewriter_photo_v1	ocr	large	ocr/large/ocr_large_commons_typewriter_photo_v1.jpg	copied_from_external_quality	ocr_src_0031|ocr/commons/samples/degradation/ocr_degradation_commons_typewriter_photo_0001.jpg	210110	cc26ceb9f1307b00fbfae5f13bce96972b0d5a2d417d953fd46057a99b569096	release	pipeline,product,external	external-quality,ocr,real-world,degradation,typewriter	accepted	Release-tier OCR image with degradation and typewriter text retained from the curated Commons audit set.	self_baseline	optional_external_runtime	non_empty
ocr_huge_commons_menu_scene_text_v1	ocr	huge	ocr/huge/ocr_huge_commons_menu_scene_text_v1.jpg	copied_from_external_quality	ocr_src_0025|ocr/commons/samples/scene_text/ocr_scene_text_commons_menu_0001.jpg	3186049	69f1ca5cc00bd4d3e57f3684f1915abfe177db8fb20db49e91efd756d325dace	stress	pipeline,product,external	external-quality,ocr,real-world,scene-text,stress	accepted	Stress-tier OCR image with dense scene text retained from the curated Commons audit set.	self_baseline	optional_external_runtime	non_empty
audio_contract_wav_v1	wav	medium	audio/regular/audio_contract_wav_v1.wav	copied_from_samples	samples/fixtures/contracts/audio/contract.wav	91278	dab7f88876960e5a265bdf3666ed58ab44ad780f75daa327ff7ea6aed378aa39	regular	pipeline,product	project-owned,audio,wav,optional-runtime	accepted	Project-owned deterministic WAV contract for self-baseline measurement.	self_baseline	optional_external_runtime	non_empty
audio_contract_mp3_v1	mp3	medium	audio/regular/audio_contract_mp3_v1.mp3	copied_from_samples	samples/fixtures/contracts/audio/contract.mp3	16497	db5bd55dfcbb0f7fdbcbf83044dbdc184ebb6e4bc8d482d5564d543bfa400897	regular	pipeline,product	project-owned,audio,mp3,optional-runtime	accepted	Project-owned deterministic MP3 contract for self-baseline measurement.	self_baseline	optional_external_runtime	non_empty
audio_contract_m4a_v1	m4a	medium	audio/regular/audio_contract_m4a_v1.m4a	copied_from_samples	samples/fixtures/contracts/audio/contract.m4a	27979	acc1c09781afc46c65b9ac200f0849e4bf4a671a257f054e35a781badf2b82dd	regular	pipeline,product	project-owned,audio,m4a,optional-runtime	accepted	Project-owned deterministic M4A contract for self-baseline measurement.	self_baseline	optional_external_runtime	non_empty
